{
  "schema_version": "1.0",
  "aiperf_version": "0.6.0",
  "benchmark_id": "5546d215-e978-46fd-8044-24587e73f09a",
  "request_throughput": {
    "unit": "requests/sec",
    "avg": 15.432491558780095
  },
  "request_latency": {
    "unit": "ms",
    "avg": 2050.972323558,
    "p1": 1486.69140117,
    "p5": 1612.9618467999999,
    "p10": 1711.809454,
    "p25": 1931.640232,
    "p50": 2110.160458,
    "p75": 2193.2032679999998,
    "p90": 2289.4955393,
    "p95": 2327.7919074,
    "p99": 2437.3748344,
    "min": 1244.079654,
    "max": 2438.816949,
    "std": 214.22664849871063
  },
  "request_count": {
    "unit": "requests",
    "avg": 1000.0
  },
  "time_to_first_token": {
    "unit": "ms",
    "avg": 540.2360259299999,
    "p1": 100.29339388999999,
    "p5": 128.56378615,
    "p10": 140.9559042,
    "p25": 275.83221975,
    "p50": 627.9740365,
    "p75": 721.1984602499999,
    "p90": 801.3133387999999,
    "p95": 839.910033349999,
    "p99": 1071.233902,
    "min": 97.382331,
    "max": 1076.858649,
    "std": 252.32539291314305
  },
  "time_to_second_token": {
    "unit": "ms",
    "avg": 21.109878335,
    "p1": 0.0,
    "p5": 1.8043289999999998,
    "p10": 2.5224425999999998,
    "p25": 3.18281725,
    "p50": 5.2142425,
    "p75": 8.758412,
    "p90": 92.75490629999999,
    "p95": 105.17146890000001,
    "p99": 114.83361050999999,
    "min": 0.0,
    "max": 328.831207,
    "std": 36.49065835685785
  },
  "inter_token_latency": {
    "unit": "ms",
    "avg": 10.139891644604523,
    "p1": 6.340430811812081,
    "p5": 8.358239539932885,
    "p10": 8.710959846979865,
    "p25": 9.090882550335571,
    "p50": 10.0397267147651,
    "p75": 11.133274798657716,
    "p90": 12.050144383108108,
    "p95": 12.644748103355704,
    "p99": 13.512588935302013,
    "min": 6.3338991006711405,
    "max": 14.47317932885906,
    "std": 1.396018159172204
  },
  "output_token_throughput": {
    "unit": "tokens/sec",
    "avg": 2314.7039764098677
  },
  "output_token_throughput_per_user": {
    "unit": "tokens/sec/user",
    "avg": 100.53723902314186,
    "p1": 74.00506333784534,
    "p5": 79.08421766587833,
    "p10": 82.98656773155247,
    "p25": 89.82083160770732,
    "p50": 99.60430482585315,
    "p75": 110.00032114283856,
    "p90": 114.79791178708777,
    "p95": 119.64241935008599,
    "p99": 157.71798961548964,
    "min": 69.09331925474257,
    "max": 157.88063309913474,
    "std": 14.291986085900898
  },
  "output_sequence_length": {
    "unit": "tokens",
    "avg": 149.989,
    "p1": 150.0,
    "p5": 150.0,
    "p10": 150.0,
    "p25": 150.0,
    "p50": 150.0,
    "p75": 150.0,
    "p90": 150.0,
    "p95": 150.0,
    "p99": 150.0,
    "min": 148.0,
    "max": 150.0,
    "std": 0.12991920566259635
  },
  "input_sequence_length": {
    "unit": "tokens",
    "avg": 400.008,
    "p1": 400.0,
    "p5": 400.0,
    "p10": 400.0,
    "p25": 400.0,
    "p50": 400.0,
    "p75": 400.0,
    "p90": 400.0,
    "p95": 400.0,
    "p99": 400.0,
    "min": 400.0,
    "max": 401.0,
    "std": 0.08908422980528036
  },
  "output_token_count": {
    "unit": "tokens",
    "avg": 149.989,
    "p1": 150.0,
    "p5": 150.0,
    "p10": 150.0,
    "p25": 150.0,
    "p50": 150.0,
    "p75": 150.0,
    "p90": 150.0,
    "p95": 150.0,
    "p99": 150.0,
    "min": 148.0,
    "max": 150.0,
    "std": 0.12991920566259635
  },
  "min_request_timestamp": {
    "unit": "ns",
    "avg": 1.7731206332552159e18
  },
  "max_response_timestamp": {
    "unit": "ns",
    "avg": 1.7731206980535665e18
  },
  "inter_chunk_latency": {
    "unit": "ms",
    "avg": 10.426133359291644,
    "p1": 0.0,
    "p5": 0.0,
    "p10": 2.5492298,
    "p25": 5.6273919999999995,
    "p50": 6.395811,
    "p75": 6.917826499999999,
    "p90": 12.375415399999998,
    "p95": 37.21170020000005,
    "p99": 98.30643497999989,
    "min": 0.0,
    "max": 328.831207,
    "std": 19.364676662649583
  },
  "total_output_tokens": {
    "unit": "tokens",
    "avg": 149989.0
  },
  "benchmark_duration": {
    "unit": "sec",
    "avg": 64.79835068700001
  },
  "total_isl": {
    "unit": "tokens",
    "avg": 400008.0
  },
  "total_osl": {
    "unit": "tokens",
    "avg": 149989.0
  },
  "telemetry_data": {
    "summary": {
      "endpoints_configured": [],
      "endpoints_successful": [],
      "start_time": "2026-03-10T05:30:33.250938",
      "end_time": "2026-03-10T05:31:40.065707"
    },
    "endpoints": {},
    "error_summary": []
  },
  "input_config": {
    "endpoint": {
      "model_names": [
        "Qwen/Qwen3-VL-30B-A3B-Instruct-FP8"
      ],
      "streaming": true,
      "urls": [
        "http://qwen3-vl-agg-gb200-frontend:8000"
      ]
    },
    "input": {
      "extra": [
        [
          "max_tokens",
          150
        ],
        [
          "min_tokens",
          150
        ],
        [
          "ignore_eos",
          true
        ]
      ],
      "file": "/perf-cache/datasets/1000req_1img_200pool_400word_base64.jsonl",
      "custom_dataset_type": "single_turn"
    },
    "output": {
      "artifact_directory": "/perf-cache/artifacts/fp8/gb200/agg/cache_off/1000req_1img_200pool_400word_base64/c32"
    },
    "loadgen": {
      "concurrency": 32,
      "arrival_pattern": "concurrency_burst",
      "request_count": 1000,
      "warmup_request_count": 3
    },
    "cli_command": "aiperf profile --model 'Qwen/Qwen3-VL-30B-A3B-Instruct-FP8' --input-file '/perf-cache/datasets/1000req_1img_200pool_400word_base64.jsonl' --custom-dataset-type 'single_turn' --url 'http://qwen3-vl-agg-gb200-frontend:8000' --streaming --ui-type None --request-count 1000 --concurrency 32 --warmup-request-count 3 --artifact-dir '/perf-cache/artifacts/fp8/gb200/agg/cache_off/1000req_1img_200pool_400word_base64/c32' --extra-inputs 'max_tokens:150' --extra-inputs 'min_tokens:150' --extra-inputs 'ignore_eos:true'",
    "benchmark_id": "5546d215-e978-46fd-8044-24587e73f09a"
  },
  "was_cancelled": false,
  "error_summary": [],
  "start_time": "2026-03-10T05:30:33.250938",
  "end_time": "2026-03-10T05:31:38.056230",
  "http_req_connecting": {
    "unit": "ms",
    "avg": 0.910282002,
    "p1": 0.0,
    "p5": 0.0,
    "p10": 0.0,
    "p25": 0.0,
    "p50": 0.0,
    "p75": 0.0,
    "p90": 0.0,
    "p95": 0.0,
    "p99": 31.5976002,
    "min": 0.0,
    "max": 32.646316999999996,
    "std": 5.268353631798014
  },
  "http_req_dns_lookup": {
    "unit": "ms",
    "avg": 0.884237451,
    "p1": 0.0,
    "p5": 0.0,
    "p10": 0.0,
    "p25": 0.0,
    "p50": 0.0,
    "p75": 0.0,
    "p90": 0.0,
    "p95": 0.0,
    "p99": 30.752891399999996,
    "min": 0.0,
    "max": 31.304524999999998,
    "std": 5.117554591884733
  },
  "http_req_sending": {
    "unit": "ms",
    "avg": 1.26248667,
    "p1": 0.20594816,
    "p5": 0.2183616,
    "p10": 0.2281344,
    "p25": 0.25135225,
    "p50": 0.3356965,
    "p75": 0.40799225,
    "p90": 0.4771968,
    "p95": 0.6451952,
    "p99": 32.334963079999994,
    "min": 0.19932899999999998,
    "max": 33.248205,
    "std": 5.330691224956278
  },
  "http_req_waiting": {
    "unit": "ms",
    "avg": 538.857016382,
    "p1": 100.01268925,
    "p5": 128.15423074999998,
    "p10": 140.6154417,
    "p25": 275.3689165,
    "p50": 627.067988,
    "p75": 720.6670127499999,
    "p90": 800.9519084,
    "p95": 838.2821415499999,
    "p99": 1038.84557412,
    "min": 96.810234,
    "max": 1043.832651,
    "std": 250.6733821243654
  },
  "http_req_receiving": {
    "unit": "ms",
    "avg": 1515.740472214,
    "p1": 946.5941576399999,
    "p5": 1248.3438784,
    "p10": 1300.1361938,
    "p25": 1355.0075964999999,
    "p50": 1496.13125,
    "p75": 1669.8290805,
    "p90": 1796.8687834,
    "p95": 1895.313522,
    "p99": 2023.84105776,
    "min": 945.523734,
    "max": 2158.033288,
    "std": 209.57116672493896
  },
  "http_req_blocked": {
    "unit": "ms",
    "avg": 0.0,
    "p1": 0.0,
    "p5": 0.0,
    "p10": 0.0,
    "p25": 0.0,
    "p50": 0.0,
    "p75": 0.0,
    "p90": 0.0,
    "p95": 0.0,
    "p99": 0.0,
    "min": 0.0,
    "max": 0.0,