{
  "schema_version": "1.0",
  "aiperf_version": "0.5.0",
  "benchmark_id": "c16c88ca-19af-4739-9e1f-51ad56a539bf",
  "request_throughput": {
    "unit": "requests/sec",
    "avg": 11.337506899976923
  },
  "request_latency": {
    "unit": "ms",
    "avg": 2778.761006363636,
    "p1": 1597.26088841,
    "p5": 2349.4814564499998,
    "p10": 2404.8618058,
    "p25": 2456.09559575,
    "p50": 2516.0090955,
    "p75": 2643.27752625,
    "p90": 3008.1605202,
    "p95": 5566.322913349998,
    "p99": 7413.200190879999,
    "min": 1236.606331,
    "max": 8153.169908999999,
    "std": 995.4721312212042
  },
  "request_count": {
    "unit": "requests",
    "avg": 990.0
  },
  "time_to_first_token": {
    "unit": "ms",
    "avg": 538.9648153878787,
    "p1": 119.48604648,
    "p5": 128.1389671,
    "p10": 166.2703673,
    "p25": 226.11615024999998,
    "p50": 266.594742,
    "p75": 329.14035574999997,
    "p90": 472.1286507000002,
    "p95": 3020.068703249996,
    "p99": 5463.033088590001,
    "min": 114.199165,
    "max": 6318.572899,
    "std": 1037.6790730817258
  },
  "time_to_second_token": {
    "unit": "ms",
    "avg": 27.16005319595959,
    "p1": 1.9824661700000001,
    "p5": 2.6632776,
    "p10": 2.9758466,
    "p25": 3.8936569999999997,
    "p50": 5.646201,
    "p75": 66.86085874999999,
    "p90": 80.12042629999999,
    "p95": 85.30673779999998,
    "p99": 107.06689105000004,
    "min": 0.744803,
    "max": 287.44397499999997,
    "std": 34.86768517454803
  },
  "inter_token_latency": {
    "unit": "ms",
    "avg": 15.909432529471086,
    "p1": 7.3867975855033565,
    "p5": 11.03451915102041,
    "p10": 14.51171688275862,
    "p25": 15.41370265827338,
    "p50": 15.99854979586371,
    "p75": 16.770521888567977,
    "p90": 18.175993920412022,
    "p95": 18.971784795035457,
    "p99": 21.389865686064578,
    "min": 6.277253738255033,
    "max": 22.262265786764708,
    "std": 2.273645353531554
  },
  "output_token_throughput": {
    "unit": "tokens/sec",
    "avg": 1610.4756771009643
  },
  "output_token_throughput_per_user": {
    "unit": "tokens/sec/user",
    "avg": 64.82689643965901,
    "p1": 46.75145743129696,
    "p5": 52.70987239032696,
    "p10": 55.0176242244238,
    "p25": 59.62844178171073,
    "p50": 62.505665530474104,
    "p75": 64.87733854733743,
    "p90": 68.90983667647062,
    "p95": 90.63316301362102,
    "p99": 135.37781158854725,
    "min": 44.919057636735104,
    "max": 159.30533346227014,
    "std": 14.717773273363715
  },
  "output_sequence_length": {
    "unit": "tokens",
    "avg": 142.04848484848486,
    "p1": 133.0,
    "p5": 137.0,
    "p10": 138.0,
    "p25": 140.0,
    "p50": 142.0,
    "p75": 144.0,
    "p90": 146.0,
    "p95": 147.0,
    "p99": 150.0,
    "min": 128.0,
    "max": 150.0,
    "std": 3.164141373834111
  },
  "input_sequence_length": {
    "unit": "tokens",
    "avg": 400.0070707070707,
    "p1": 400.0,
    "p5": 400.0,
    "p10": 400.0,
    "p25": 400.0,
    "p50": 400.0,
    "p75": 400.0,
    "p90": 400.0,
    "p95": 400.0,
    "p99": 400.0,
    "min": 400.0,
    "max": 401.0,
    "std": 0.08378969013087065
  },
  "output_token_count": {
    "unit": "tokens",
    "avg": 142.04848484848486,
    "p1": 133.0,
    "p5": 137.0,
    "p10": 138.0,
    "p25": 140.0,
    "p50": 142.0,
    "p75": 144.0,
    "p90": 146.0,
    "p95": 147.0,
    "p99": 150.0,
    "min": 128.0,
    "max": 150.0,
    "std": 3.164141373834111
  },
  "min_request_timestamp": {
    "unit": "ns",
    "avg": 1.7731241616322762e18
  },
  "max_response_timestamp": {
    "unit": "ns",
    "avg": 1.7731242489530609e18
  },
  "inter_chunk_latency": {
    "unit": "ms",
    "avg": 19.301528777928656,
    "p1": 2.38538252,
    "p5": 3.4412304,
    "p10": 4.8939292,
    "p25": 6.088347,
    "p50": 6.8523499999999995,
    "p75": 7.758426,
    "p90": 72.00330980000005,
    "p95": 85.9053344,
    "p99": 146.5618861900001,
    "min": 0.0,
    "max": 320.48767,
    "std": 32.24852175247933
  },
  "total_output_tokens": {
    "unit": "tokens",
    "avg": 140628.0
  },
  "benchmark_duration": {
    "unit": "sec",
    "avg": 87.32078478400001
  },
  "total_isl": {
    "unit": "tokens",
    "avg": 396007.0
  },
  "total_osl": {
    "unit": "tokens",
    "avg": 140628.0
  },
  "error_request_count": {
    "unit": "requests",
    "avg": 10.0
  },
  "error_isl": {
    "unit": "tokens",
    "avg": 400.0,
    "p1": 400.0,
    "p5": 400.0,
    "p10": 400.0,
    "p25": 400.0,
    "p50": 400.0,
    "p75": 400.0,
    "p90": 400.0,
    "p95": 400.0,
    "p99": 400.0,
    "min": 400.0,
    "max": 400.0,
    "std": 0.0
  },
  "total_error_isl": {
    "unit": "tokens",
    "avg": 4000.0
  },
  "telemetry_data": {
    "summary": {
      "endpoints_configured": [],
      "endpoints_successful": [],
      "start_time": "2026-03-10T06:29:21.629816",
      "end_time": "2026-03-10T06:30:48.955063"
    },
    "endpoints": {},
    "error_summary": []
  },
  "input_config": {
    "endpoint": {
      "model_names": [
        "Qwen/Qwen3-VL-30B-A3B-Instruct-FP8"
      ],
      "streaming": true,
      "url": "http://qwen3-vl-disagg-gb200-frontend:8000"
    },
    "input": {
      "extra": [
        [
          "max_tokens",
          150
        ],
        [
          "min_tokens",
          150
        ],
        [
          "ignore_eos",
          true
        ]
      ],
      "file": "/perf-cache/datasets/1000req_3img_200pool_400word_http.jsonl",
      "custom_dataset_type": "single_turn"
    },
    "output": {
      "artifact_directory": "/perf-cache/artifacts/fp8/gb200/disagg/cache_on/1000req_3img_200pool_400word_http/c32"
    },
    "loadgen": {
      "concurrency": 32,
      "arrival_pattern": "concurrency_burst",
      "request_count": 1000,
      "warmup_request_count": 5
    },
    "cli_command": "aiperf profile --model 'Qwen/Qwen3-VL-30B-A3B-Instruct-FP8' --input-file '/perf-cache/datasets/1000req_3img_200pool_400word_http.jsonl' --custom-dataset-type 'single_turn' --url 'http://qwen3-vl-disagg-gb200-frontend:8000' --streaming --ui-type None --request-count 1000 --concurrency 32 --warmup-request-count 5 --artifact-dir '/perf-cache/artifacts/fp8/gb200/disagg/cache_on/1000req_3img_200pool_400word_http/c32' --extra-inputs 'max_tokens:150' --extra-inputs 'min_tokens:150' --extra-inputs 'ignore_eos:true'",
    "benchmark_id": "c16c88ca-19af-4739-9e1f-51ad56a539bf"
  },
  "was_cancelled": false,
  "error_summary": [
    {
      "error_details": {
        "code": 502,
        "type": "SSEResponseError",
        "message": "SSEResponseError('Error occurred in SSE response: unspecified error')",
        "details": [
          "'Error occurred in SSE response: unspecified error'"
        ]
      },
      "count": 10
    }
  ],
  "start_time": "2026-03-10T06:29:21.629816",
  "end_time": "2026-03-10T06:30:48.955063",
  "num_images": {
    "unit": "images",
    "avg": 3.0,
    "p1": 3.0,
    "p5": 3.0,
    "p10": 3.0,
    "p25": 3.0,
    "p50": 3.0,
    "p75": 3.0,
    "p90": 3.0,
    "p95": 3.0,
    "p99": 3.0,
    "min": 3.0,
    "max": 3.0,
    "std": 0.0
  },
  "http_req_connecting": {
    "unit": "ms",
    "avg": 0.7927228313131313,
    "p1": 0.0,
    "p5": 0.0,
    "p10": 0.0,
    "p25": 0.0,
    "p50": 0.0,
    "p75": 0.0,
    "p90": 0.0,
    "p95": 0.0,
    "p99": 32.764927549999996,
    "min": 0.0,
    "max": 33.195124,
    "std": 5.0295392550010325
  },
  "time_to_first_output_token": {
    "unit": "ms",
    "avg": 538.9648153878787,
    "p1": 119.48604648,
    "p5": 128.1389671,
    "p10": 166.2703673,
    "p25": 226.11615024999998,
    "p50": 266.594742,
    "p75": 329.14035574999997,
    "p90": 472.1286507000002,
    "p95": 3020.068703249996,
    "p99": 5463.033088590001,
    "min": 114.199165,
    "max": 6318.572899,
    "std": 1037.6790730817258
  },
  "http_req_waiting": {
    "unit": "ms",
    "avg": 537.8483096232324,
    "p1": 119.16804203,
    "p5": 127.8383437,
    "p10": 166.0212332,
    "p25": 225.835016,
    "p50": 266.2557645,
    "p75": 328.79713875,