schema_version,measured_code_sha,resident_image_sha256,mode,rss_bytes,pss_bytes,uss_bytes,num_dcs,memberships_per_dc,authoritative_filter_bytes,derived_transposed_bytes,crtc_rss_over_mode
1,7d29b240c6632d78bf06b1e44ac0773f133a5e3b,97bf27f6fd8b0a9c8aef6a287841e53c74e23655783d14ea38aa10f522fd7c74,ckf-native,544022528,542046208,541978624,16,10000000,536870912,0,99.59434715174149
1,7d29b240c6632d78bf06b1e44ac0773f133a5e3b,97bf27f6fd8b0a9c8aef6a287841e53c74e23655783d14ea38aa10f522fd7c74,ckf-transposed,1080860672,1078877184,1078808576,16,10000000,536870912,536870912,50.128170924883094
1,7d29b240c6632d78bf06b1e44ac0773f133a5e3b,97bf27f6fd8b0a9c8aef6a287841e53c74e23655783d14ea38aa10f522fd7c74,crtc,54181568512,54179592192,54179524608,16,10000000,0,0,1.0
1,7d29b240c6632d78bf06b1e44ac0773f133a5e3b,97bf27f6fd8b0a9c8aef6a287841e53c74e23655783d14ea38aa10f522fd7c74,relay-producer,2968268800,2966263808,2966196224,16,10000000,536870912,0,18.25359229999655
