{
  "schema_version": "1.0",
  "aiperf_version": "0.5.0",
  "benchmark_id": "b3f64737-2cb1-4b84-86d1-bcbd48dad851",
  "request_throughput": {
    "unit": "requests/sec",
    "avg": 4.1917060407117965
  },
  "request_latency": {
    "unit": "ms",
    "avg": 6957.284935657142,
    "p1": 4073.09339174,
    "p5": 6470.9871808,
    "p10": 6615.2775345,
    "p25": 6788.1429312499995,
    "p50": 7009.179343,
    "p75": 7225.417563499999,
    "p90": 7369.901477899999,
    "p95": 7499.9969234499995,
    "p99": 7845.74525287,
    "min": 1811.501612,
    "max": 8548.117518,
    "std": 559.5400897815518
  },
  "request_count": {
    "unit": "requests",
    "avg": 910.0
  },
  "time_to_first_token": {
    "unit": "ms",
    "avg": 5964.226943337362,
    "p1": 2915.34135736,
    "p5": 5541.55216935,
    "p10": 5660.794144699999,
    "p25": 5826.9899292499995,
    "p50": 6020.236000999999,
    "p75": 6215.9109055,
    "p90": 6368.2689726,
    "p95": 6468.995119249999,
    "p99": 6749.816740619998,
    "min": 873.010267,
    "max": 7464.761653,
    "std": 559.0429278123607
  },
  "time_to_second_token": {
    "unit": "ms",
    "avg": 4.156699668131868,
    "p1": 1.94128376,
    "p5": 3.0597874,
    "p10": 3.2736226,
    "p25": 3.517613,
    "p50": 3.755884,
    "p75": 3.952053,
    "p90": 4.1636790999999995,
    "p95": 4.3254855999999995,
    "p99": 6.094988969999985,
    "min": 0.501535,
    "max": 114.52268199999999,
    "std": 5.521418106136942
  },
  "inter_token_latency": {
    "unit": "ms",
    "avg": 6.930479747669096,
    "p1": 5.091245154724287,
    "p5": 5.733458042118093,
    "p10": 5.948926171797801,
    "p25": 6.379041289594463,
    "p50": 6.89811515610829,
    "p75": 7.45279371559764,
    "p90": 7.952115764728681,
    "p95": 8.244117963740457,
    "p99": 8.865457156613315,
    "min": 4.081865308724832,
    "max": 9.960031932330827,
    "std": 0.7993364193952385
  },
  "output_token_throughput": {
    "unit": "tokens/sec",
    "avg": 605.9410489423238
  },
  "output_token_throughput_per_user": {
    "unit": "tokens/sec/user",
    "avg": 146.25531070472604,
    "p1": 112.79734172805445,
    "p5": 121.29860598433892,
    "p10": 125.75270284361432,
    "p25": 134.17787589618598,
    "p50": 144.96713703532066,
    "p75": 156.76338559571363,
    "p90": 168.09756683371774,
    "p95": 174.4149261194225,
    "p99": 196.4156081933887,
    "min": 100.40128453343041,
    "max": 244.98603563976937,
    "std": 17.335269815400046
  },
  "output_sequence_length": {
    "unit": "tokens",
    "avg": 144.55714285714285,
    "p1": 131.0,
    "p5": 136.0,
    "p10": 137.0,
    "p25": 142.0,
    "p50": 144.0,
    "p75": 149.0,
    "p90": 150.0,
    "p95": 150.0,
    "p99": 150.0,
    "min": 126.0,
    "max": 150.0,
    "std": 4.966982033192125
  },
  "input_sequence_length": {
    "unit": "tokens",
    "avg": 400.0032967032967,
    "p1": 400.0,
    "p5": 400.0,
    "p10": 400.0,
    "p25": 400.0,
    "p50": 400.0,
    "p75": 400.0,
    "p90": 400.0,
    "p95": 400.0,
    "p99": 400.0,
    "min": 400.0,
    "max": 401.0,
    "std": 0.05732220376151637
  },
  "output_token_count": {
    "unit": "tokens",
    "avg": 144.55714285714285,
    "p1": 131.0,
    "p5": 136.0,
    "p10": 137.0,
    "p25": 142.0,
    "p50": 144.0,
    "p75": 149.0,
    "p90": 150.0,
    "p95": 150.0,
    "p99": 150.0,
    "min": 126.0,
    "max": 150.0,
    "std": 4.966982033192125
  },
  "min_request_timestamp": {
    "unit": "ns",
    "avg": 1.7731267405070195e18
  },
  "max_response_timestamp": {
    "unit": "ns",
    "avg": 1.773126957602396e18
  },
  "inter_chunk_latency": {
    "unit": "ms",
    "avg": 7.927320020097196,
    "p1": 1.834382,
    "p5": 3.2805489999999997,
    "p10": 4.099708,
    "p25": 4.468731,
    "p50": 4.780251,
    "p75": 5.02069925,
    "p90": 5.371802499999999,
    "p95": 34.069719,
    "p99": 80.3672222,
    "min": 0.0,
    "max": 187.265601,
    "std": 14.040647191774788
  },
  "total_output_tokens": {
    "unit": "tokens",
    "avg": 131547.0
  },
  "benchmark_duration": {
    "unit": "sec",
    "avg": 217.09537624100003
  },
  "total_isl": {
    "unit": "tokens",
    "avg": 364003.0
  },
  "total_osl": {
    "unit": "tokens",
    "avg": 131547.0
  },
  "error_request_count": {
    "unit": "requests",
    "avg": 90.0
  },
  "error_isl": {
    "unit": "tokens",
    "avg": 400.0,
    "p1": 400.0,
    "p5": 400.0,
    "p10": 400.0,
    "p25": 400.0,
    "p50": 400.0,
    "p75": 400.0,
    "p90": 400.0,
    "p95": 400.0,
    "p99": 400.0,
    "min": 400.0,
    "max": 400.0,
    "std": 0.0
  },
  "total_error_isl": {
    "unit": "tokens",
    "avg": 36000.0
  },
  "telemetry_data": {
    "summary": {
      "endpoints_configured": [],
      "endpoints_successful": [],
      "start_time": "2026-03-10T07:12:20.504133",
      "end_time": "2026-03-10T07:15:57.604394"
    },
    "endpoints": {},
    "error_summary": []
  },
  "input_config": {
    "endpoint": {
      "model_names": [
        "Qwen/Qwen3-VL-30B-A3B-Instruct-FP8"
      ],
      "streaming": true,
      "url": "http://qwen3-vl-disagg-gb200-frontend:8000"
    },
    "input": {
      "extra": [
        [
          "max_tokens",
          150
        ],
        [
          "min_tokens",
          150
        ],
        [
          "ignore_eos",
          true
        ]
      ],
      "file": "/perf-cache-tmp/datasets/1000req_3img_200pool_400word_http.jsonl",
      "custom_dataset_type": "single_turn"
    },
    "output": {
      "artifact_directory": "/perf-cache-tmp/artifacts/fp8/gb200/disagg/cache_off/1000req_3img_200pool_400word_http/c32"
    },
    "loadgen": {
      "concurrency": 32,
      "arrival_pattern": "concurrency_burst",
      "request_count": 1000,
      "warmup_request_count": 5
    },
    "cli_command": "aiperf profile --model 'Qwen/Qwen3-VL-30B-A3B-Instruct-FP8' --input-file '/perf-cache-tmp/datasets/1000req_3img_200pool_400word_http.jsonl' --custom-dataset-type 'single_turn' --url 'http://qwen3-vl-disagg-gb200-frontend:8000' --streaming --ui-type None --request-count 1000 --concurrency 32 --warmup-request-count 5 --artifact-dir '/perf-cache-tmp/artifacts/fp8/gb200/disagg/cache_off/1000req_3img_200pool_400word_http/c32' --extra-inputs 'max_tokens:150' --extra-inputs 'min_tokens:150' --extra-inputs 'ignore_eos:true'",
    "benchmark_id": "b3f64737-2cb1-4b84-86d1-bcbd48dad851"
  },
  "was_cancelled": false,
  "error_summary": [
    {
      "error_details": {
        "code": 502,
        "type": "SSEResponseError",
        "message": "SSEResponseError('Error occurred in SSE response: unspecified error')",
        "details": [
          "'Error occurred in SSE response: unspecified error'"
        ]
      },
      "count": 90
    }
  ],
  "start_time": "2026-03-10T07:12:20.504133",
  "end_time": "2026-03-10T07:15:57.604394",
  "http_req_data_sent": {
    "unit": "KB",
    "avg": 2.308045372596154,
    "p1": 2.263759765625,
    "p5": 2.2763671875,
    "p10": 2.2841796875,
    "p25": 2.2958984375,
    "p50": 2.30859375,
    "p75": 2.3212890625,
    "p90": 2.33203125,
    "p95": 2.338427734375,
    "p99": 2.350498046875,
    "min": 2.2314453125,
    "max": 2.3701171875,
    "std": 0.018935918870604914
  },
  "http_req_data_received": {
    "unit": "KB",
    "avg": 46.28575399210165,
    "p1": 41.507490234375,
    "p5": 43.182666015625,
    "p10": 43.931640625,
    "p25": 44.924072265625,
    "p50": 46.07080078125,
    "p75": 47.8056640625,
    "p90": 48.583203125,
    "p95": 49.985888671875,
    "p99": 52.00261718749998,
    "min": 36.40625,
    "max": 54.345703125,
    "std": 2.0610483132545663
  },
  "http_req_connecting": {
    "unit": "ms",
    "avg": 0.830374368131868,
    "p1": 0.0,
    "p5": 0.0,
    "p10": 0.0,
    "p25": 0.0,
    "p50": 0.0,
    "p75": 0.0,
    "p90": 0.0,
    "p95": 0.0,
    "p99": 33.0214676,
    "min": 0.0,
    "max": 33.500794,
    "std": 5.157290865502147
  },
  "num_images": {
    "unit": "images",
    "avg": 3.0,
    "p1": 3.0,
    "p5": 3.0,
    "p10": 3.0,
    "p25": 3.0,