{
  "schema_version": "1.0",
  "aiperf_version": "0.5.0",
  "benchmark_id": "28b4f3bd-f434-49f9-b035-a06f190538f6",
  "request_throughput": {
    "unit": "requests/sec",
    "avg": 10.667504434888905
  },
  "request_latency": {
    "unit": "ms",
    "avg": 2964.5279104559995,
    "p1": 1049.6256864,
    "p5": 1269.81367815,
    "p10": 1498.602157,
    "p25": 2412.96182775,
    "p50": 3206.784275,
    "p75": 3668.77310975,
    "p90": 3815.3822741,
    "p95": 3841.49028835,
    "p99": 4030.0600889899997,
    "min": 707.3651729999999,
    "max": 4090.552142,
    "std": 848.4277255008687
  },
  "request_count": {
    "unit": "requests",
    "avg": 1000.0
  },
  "time_to_first_token": {
    "unit": "ms",
    "avg": 1760.653003374,
    "p1": 204.39803034,
    "p5": 346.75011344999996,
    "p10": 573.4547519,
    "p25": 1198.30245175,
    "p50": 1954.2996269999999,
    "p75": 2392.231964,
    "p90": 2619.4116677,
    "p95": 2686.86228735,
    "p99": 2809.7866142499997,
    "min": 180.61096799999999,
    "max": 2878.718444,
    "std": 751.6601864122696
  },
  "time_to_second_token": {
    "unit": "ms",
    "avg": 45.045046865,
    "p1": 0.0,
    "p5": 1.9600188,
    "p10": 2.4795811,
    "p25": 3.7569559999999997,
    "p50": 63.083386,
    "p75": 74.900341,
    "p90": 85.8130464,
    "p95": 95.79597299999998,
    "p99": 121.35236876,
    "min": 0.0,
    "max": 142.306948,
    "std": 37.11609869786991
  },
  "inter_token_latency": {
    "unit": "ms",
    "avg": 8.139044415583943,
    "p1": 4.80806244771812,
    "p5": 5.528409306849316,
    "p10": 6.224389813551579,
    "p25": 7.0149762471091055,
    "p50": 8.049581020925762,
    "p75": 9.109988315995524,
    "p90": 10.457881320143299,
    "p95": 11.302618480536912,
    "p99": 12.522772500330127,
    "min": 3.603819578571428,
    "max": 13.12140361904762,
    "std": 1.6592765272009815
  },
  "output_token_throughput": {
    "unit": "tokens/sec",
    "avg": 1588.8287780367884
  },
  "output_token_throughput_per_user": {
    "unit": "tokens/sec/user",
    "avg": 128.24637690242227,
    "p1": 79.85459364814382,
    "p5": 88.47507348657294,
    "p10": 95.62166283003037,
    "p25": 109.77049406057563,
    "p50": 124.2301173242742,
    "p75": 142.55216021280359,
    "p90": 160.65838097106896,
    "p95": 180.88385732322064,
    "p99": 207.98444239253186,
    "min": 76.21135886319013,
    "max": 277.4833695743461,
    "std": 27.603857445279296
  },
  "output_sequence_length": {
    "unit": "tokens",
    "avg": 148.941,
    "p1": 141.0,
    "p5": 146.0,
    "p10": 147.0,
    "p25": 148.0,
    "p50": 150.0,
    "p75": 150.0,
    "p90": 150.0,
    "p95": 150.0,
    "p99": 150.0,
    "min": 138.0,
    "max": 150.0,
    "std": 1.8824237036331641
  },
  "input_sequence_length": {
    "unit": "tokens",
    "avg": 400.004,
    "p1": 400.0,
    "p5": 400.0,
    "p10": 400.0,
    "p25": 400.0,
    "p50": 400.0,
    "p75": 400.0,
    "p90": 400.0,
    "p95": 400.0,
    "p99": 400.0,
    "min": 400.0,
    "max": 401.0,
    "std": 0.063118935352238
  },
  "output_token_count": {
    "unit": "tokens",
    "avg": 148.941,
    "p1": 141.0,
    "p5": 146.0,
    "p10": 147.0,
    "p25": 148.0,
    "p50": 150.0,
    "p75": 150.0,
    "p90": 150.0,
    "p95": 150.0,
    "p99": 150.0,
    "min": 138.0,
    "max": 150.0,
    "std": 1.8824237036331641
  },
  "min_request_timestamp": {
    "unit": "ns",
    "avg": 1.773128071690258e18
  },
  "max_response_timestamp": {
    "unit": "ns",
    "avg": 1.7731281654328955e18
  },
  "inter_chunk_latency": {
    "unit": "ms",
    "avg": 8.295262851289895,
    "p1": 0.0,
    "p5": 2.9926171499999996,
    "p10": 4.624635,
    "p25": 5.372698,
    "p50": 6.0764095,
    "p75": 6.68655225,
    "p90": 7.411528,
    "p95": 13.286771249999985,
    "p99": 77.82396013000029,
    "min": 0.0,
    "max": 297.271258,
    "std": 13.175655678091486
  },
  "total_output_tokens": {
    "unit": "tokens",
    "avg": 148941.0
  },
  "benchmark_duration": {
    "unit": "sec",
    "avg": 93.74263738100001
  },
  "total_isl": {
    "unit": "tokens",
    "avg": 400004.0
  },
  "total_osl": {
    "unit": "tokens",
    "avg": 148941.0
  },
  "telemetry_data": {
    "summary": {
      "endpoints_configured": [],
      "endpoints_successful": [],
      "start_time": "2026-03-10T07:34:31.686706",
      "end_time": "2026-03-10T07:36:05.435951"
    },
    "endpoints": {},
    "error_summary": []
  },
  "input_config": {
    "endpoint": {
      "model_names": [
        "Qwen/Qwen3-VL-30B-A3B-Instruct-FP8"
      ],
      "streaming": true,
      "url": "http://qwen3-vl-disagg-gb200-frontend:8000"
    },
    "input": {
      "extra": [
        [
          "max_tokens",
          150
        ],
        [
          "min_tokens",
          150
        ],
        [
          "ignore_eos",
          true
        ]
      ],
      "file": "/perf-cache-tmp/datasets/1000req_1img_200pool_400word_base64.jsonl",
      "custom_dataset_type": "single_turn"
    },
    "output": {
      "artifact_directory": "/perf-cache-tmp/artifacts/fp8/gb200/disagg/cache_off/1000req_1img_200pool_400word_base64/c32"
    },
    "loadgen": {
      "concurrency": 32,
      "arrival_pattern": "concurrency_burst",
      "request_count": 1000,
      "warmup_request_count": 5
    },
    "cli_command": "aiperf profile --model 'Qwen/Qwen3-VL-30B-A3B-Instruct-FP8' --input-file '/perf-cache-tmp/datasets/1000req_1img_200pool_400word_base64.jsonl' --custom-dataset-type 'single_turn' --url 'http://qwen3-vl-disagg-gb200-frontend:8000' --streaming --ui-type None --request-count 1000 --concurrency 32 --warmup-request-count 5 --artifact-dir '/perf-cache-tmp/artifacts/fp8/gb200/disagg/cache_off/1000req_1img_200pool_400word_base64/c32' --extra-inputs 'max_tokens:150' --extra-inputs 'min_tokens:150' --extra-inputs 'ignore_eos:true'",
    "benchmark_id": "28b4f3bd-f434-49f9-b035-a06f190538f6"
  },
  "was_cancelled": false,
  "error_summary": [],
  "start_time": "2026-03-10T07:34:31.686706",
  "end_time": "2026-03-10T07:36:05.435951",
  "num_images": {
    "unit": "images",
    "avg": 1.0,
    "p1": 1.0,
    "p5": 1.0,
    "p10": 1.0,
    "p25": 1.0,
    "p50": 1.0,
    "p75": 1.0,
    "p90": 1.0,
    "p95": 1.0,
    "p99": 1.0,
    "min": 1.0,
    "max": 1.0,
    "std": 0.0
  },
  "time_to_first_output_token": {
    "unit": "ms",
    "avg": 1760.653003374,
    "p1": 204.39803034,
    "p5": 346.75011344999996,
    "p10": 573.4547519,
    "p25": 1198.30245175,
    "p50": 1954.2996269999999,
    "p75": 2392.231964,
    "p90": 2619.4116677,
    "p95": 2686.86228735,
    "p99": 2809.7866142499997,
    "min": 180.61096799999999,
    "max": 2878.718444,
    "std": 751.6601864122696
  },
  "http_req_blocked": {
    "unit": "ms",
    "avg": 0.0,
    "p1": 0.0,
    "p5": 0.0,
    "p10": 0.0,
    "p25": 0.0,
    "p50": 0.0,
    "p75": 0.0,
    "p90": 0.0,
    "p95": 0.0,
    "p99": 0.0,
    "min": 0.0,
    "max": 0.0,
    "std": 0.0
  },
  "http_req_connection_reused": {
    "unit": "ratio",
    "avg": 0.973,
    "p1": 0.0,
    "p5": 1.0,
    "p10": 1.0,
    "p25": 1.0,
    "p50": 1.0,
    "p75": 1.0,
    "p90": 1.0,
    "p95": 1.0,
    "p99": 1.0,
    "min": 0.0,
    "max": 1.0,
    "std": 0.16208331191088124
  },
  "http_req_receiving": {
    "unit": "ms",
    "avg": 1206.447209773,
    "p1": 705.62607559,
    "p5": 807.42126135,
    "p10": 909.3685925,
    "p25": 1041.4897085,
    "p50": 1185.3697505,
    "p75": 1349.688975,
    "p90": 1546.3577801,
    "p95": 1655.3721130499994,
    "p99": 1857.9518401699997,
    "min": 504.91691599999996,
    "max": 1929.847227,
    "std": 244.70462335475148
  },
  "http_req_sending": {
    "unit": "ms",
    "avg": 1.323716395,
    "p1": 0.26840477,
    "p5": 0.2819792,
    "p10": 0.29077749999999997,
    "p25": 0.313743,
    "p50": 0.4272955,
    "p75": 0.5247269999999999,
    "p90": 0.6025845999999999,
    "p95": 0.7050597999999979,
    "p99": 33.39315499999999,
    "min": 0.25616,
    "max": 34.904218,
    "std": 5.342311509426921
  },