{
  "schema_version": 1,
  "measured_code_sha": "7d29b240c6632d78bf06b1e44ac0773f133a5e3b",
  "corpus_sha256": "4056bc655ad04816545472cfdc9c877b727e221a141c413de4bd606d4e36da6c",
  "backend": "ckf-native",
  "repetition": 5,
  "phase": "capacity",
  "replay_window_ms": 750.0,
  "nominal_offered_mixed_ops_s": 3489081.3333333335,
  "nominal_offered_block_ops_s": 106102318.66666667,
  "actual_issue_mixed_ops_s": 2185313.752025679,
  "achieved_mixed_ops_s": 1063534.311067052,
  "achieved_block_ops_s": 32341881.88957002,
  "achieved_over_offered": 0.3048178616263418,
  "total_elapsed_ms": 2460.4857340000003,
  "generator_limited": true,
  "kept_up": false,
  "issue_lag": {
    "p50_us": 221504.47,
    "p99_us": 445799.832,
    "max_us": 449884.321
  },
  "query_queue_wait": {
    "p50_us": 962.437,
    "p99_us": 10445.99,
    "max_us": 13908.145
  },
  "lookup_service": {
    "p50_us": 23.154,
    "p99_us": 148.572,
    "max_us": 797.585
  },
  "scheduled_to_completion": {
    "p50_us": 221570.303,
    "p99_us": 446119.079,
    "max_us": 450547.979
  },
  "update_scheduled_to_enqueue": {
    "p50_us": 221681.13,
    "p99_us": 445858.774,
    "max_us": 449884.371
  },
  "update_enqueue_to_applied": {
    "p50_us": 711307.682,
    "p99_us": 1305379.317,
    "max_us": 1327323.424
  },
  "update_scheduled_to_applied": {
    "p50_us": 928233.166,
    "p99_us": 1722571.945,
    "max_us": 1737168.632
  },
  "query_queue": {
    "at_stop": 4,
    "maximum_depth": 4693,
    "drain_ms": 5.62871
  },
  "update_queue": {
    "at_stop": 1194939,
    "maximum_depth": 158063,
    "drain_ms": 1262.986452
  },
  "crtc_raw_events": 0,
  "crtc_raw_blocks": 0,
  "ckf_frames": 2144651,
  "ckf_dirty_buckets": 48795147,
  "ckf_bytes": 714220824,
  "ckf_apply_mib_s": 165.63015470209046,
  "ckf_full_apply_mib_s": 0.0,
  "ckf_delta_apply_mib_s": 165.63015470209046,
  "full_publications": 0,
  "delta_publications": 2144651,
  "unchanged_publications": 0,
  "generation_conflicts": 0,
  "native_fallbacks": 0,
  "repeated_fallbacks": 0,
  "errors": {
    "insertion": 0,
    "removal": 0,
    "decode": 0,
    "application": 0,
    "epoch": 0,
    "desynchronization": 0
  },
  "accuracy": {
    "checked_results": 66048,
    "inflated": 5,
    "maximum_inflation": 1,
    "under_reported": 0,
    "full_map_mismatches": 0,
    "wrong_best_dc": 4
  },
  "rss_bytes": 0,
  "pss_bytes": null,
  "uss_bytes": null
}
