{
  "schema_version": 1,
  "measured_code_sha": "7d29b240c6632d78bf06b1e44ac0773f133a5e3b",
  "corpus_sha256": "4056bc655ad04816545472cfdc9c877b727e221a141c413de4bd606d4e36da6c",
  "backend": "ckf-native",
  "repetition": 2,
  "phase": "capacity",
  "replay_window_ms": 24000.0,
  "nominal_offered_mixed_ops_s": 109033.79166666667,
  "nominal_offered_block_ops_s": 3315697.4583333335,
  "actual_issue_mixed_ops_s": 109031.97134156113,
  "achieved_mixed_ops_s": 109015.5946836711,
  "achieved_block_ops_s": 3315144.0914427075,
  "achieved_over_offered": 0.9998331069412756,
  "total_elapsed_ms": 24004.006102000003,
  "generator_limited": false,
  "kept_up": true,
  "issue_lag": {
    "p50_us": 827.37,
    "p99_us": 2178.879,
    "max_us": 2795.038
  },
  "query_queue_wait": {
    "p50_us": 271.807,
    "p99_us": 1709.119,
    "max_us": 3242.474
  },
  "lookup_service": {
    "p50_us": 20.269,
    "p99_us": 242.381,
    "max_us": 1303.578
  },
  "scheduled_to_completion": {
    "p50_us": 1206.895,
    "p99_us": 3092.364,
    "max_us": 4411.222
  },
  "update_scheduled_to_enqueue": {
    "p50_us": 827.916,
    "p99_us": 2209.197,
    "max_us": 2795.088
  },
  "update_enqueue_to_applied": {
    "p50_us": 123.064,
    "p99_us": 1216.853,
    "max_us": 9597.105
  },
  "update_scheduled_to_applied": {
    "p50_us": 1023.865,
    "p99_us": 2967.384,
    "max_us": 11068.817
  },
  "query_queue": {
    "at_stop": 0,
    "maximum_depth": 711,
    "drain_ms": 3.6055639999999998
  },
  "update_queue": {
    "at_stop": 0,
    "maximum_depth": 725,
    "drain_ms": 0.044555
  },
  "crtc_raw_events": 0,
  "crtc_raw_blocks": 0,
  "ckf_frames": 2144651,
  "ckf_dirty_buckets": 48795147,
  "ckf_bytes": 714220824,
  "ckf_apply_mib_s": 139.3773622312403,
  "ckf_full_apply_mib_s": 0.0,
  "ckf_delta_apply_mib_s": 139.3773622312403,
  "full_publications": 0,
  "delta_publications": 2144651,
  "unchanged_publications": 0,
  "generation_conflicts": 0,
  "native_fallbacks": 0,
  "repeated_fallbacks": 0,
  "errors": {
    "insertion": 0,
    "removal": 0,
    "decode": 0,
    "application": 0,
    "epoch": 0,
    "desynchronization": 0
  },
  "accuracy": {
    "checked_results": 66048,
    "inflated": 5,
    "maximum_inflation": 1,
    "under_reported": 0,
    "full_map_mismatches": 0,
    "wrong_best_dc": 4
  },
  "rss_bytes": 0,
  "pss_bytes": null,
  "uss_bytes": null
}
