{
  "schema_version": 1,
  "measured_code_sha": "7d29b240c6632d78bf06b1e44ac0773f133a5e3b",
  "corpus_sha256": "4056bc655ad04816545472cfdc9c877b727e221a141c413de4bd606d4e36da6c",
  "backend": "ckf-transposed",
  "repetition": 4,
  "phase": "capacity",
  "replay_window_ms": 750.0,
  "nominal_offered_mixed_ops_s": 3489081.3333333335,
  "nominal_offered_block_ops_s": 106102318.66666667,
  "actual_issue_mixed_ops_s": 2918988.433540221,
  "achieved_mixed_ops_s": 1503257.7025185127,
  "achieved_block_ops_s": 45713788.97561014,
  "achieved_over_offered": 0.4308462769718121,
  "total_elapsed_ms": 1740.760081,
  "generator_limited": true,
  "kept_up": false,
  "issue_lag": {
    "p50_us": 81461.933,
    "p99_us": 148557.499,
    "max_us": 150014.647
  },
  "query_queue_wait": {
    "p50_us": 857294.327,
    "p99_us": 1018405.174,
    "max_us": 1022278.966
  },
  "lookup_service": {
    "p50_us": 21.852,
    "p99_us": 337.943,
    "max_us": 1531.11
  },
  "scheduled_to_completion": {
    "p50_us": 995383.79,
    "p99_us": 1101762.088,
    "max_us": 1104609.206
  },
  "update_scheduled_to_enqueue": {
    "p50_us": 81520.923,
    "p99_us": 148558.535,
    "max_us": 150014.697
  },
  "update_enqueue_to_applied": {
    "p50_us": 268304.015,
    "p99_us": 625010.017,
    "max_us": 667440.705
  },
  "update_scheduled_to_applied": {
    "p50_us": 348862.452,
    "p99_us": 772081.376,
    "max_us": 815259.328
  },
  "query_queue": {
    "at_stop": 330084,
    "maximum_depth": 330099,
    "drain_ms": 844.281486
  },
  "update_queue": {
    "at_stop": 860831,
    "maximum_depth": 116574,
    "drain_ms": 667.358679
  },
  "crtc_raw_events": 0,
  "crtc_raw_blocks": 0,
  "ckf_frames": 2144651,
  "ckf_dirty_buckets": 48795147,
  "ckf_bytes": 714220824,
  "ckf_apply_mib_s": 117.42001836947675,
  "ckf_full_apply_mib_s": 0.0,
  "ckf_delta_apply_mib_s": 117.42001836947675,
  "full_publications": 0,
  "delta_publications": 2144651,
  "unchanged_publications": 0,
  "generation_conflicts": 1310099,
  "native_fallbacks": 1310099,
  "repeated_fallbacks": 0,
  "errors": {
    "insertion": 0,
    "removal": 0,
    "decode": 0,
    "application": 0,
    "epoch": 0,
    "desynchronization": 0
  },
  "accuracy": {
    "checked_results": 66048,
    "inflated": 5,
    "maximum_inflation": 1,
    "under_reported": 0,
    "full_map_mismatches": 0,
    "wrong_best_dc": 4
  },
  "rss_bytes": 0,
  "pss_bytes": null,
  "uss_bytes": null
}
