{
  "schema_version": 1,
  "measured_code_sha": "7d29b240c6632d78bf06b1e44ac0773f133a5e3b",
  "corpus_sha256": "4056bc655ad04816545472cfdc9c877b727e221a141c413de4bd606d4e36da6c",
  "backend": "ckf-transposed",
  "repetition": 1,
  "phase": "capacity",
  "replay_window_ms": 24000.0,
  "nominal_offered_mixed_ops_s": 109033.79166666667,
  "nominal_offered_block_ops_s": 3315697.4583333335,
  "actual_issue_mixed_ops_s": 109029.8661735366,
  "achieved_mixed_ops_s": 109012.86232810811,
  "achieved_block_ops_s": 3315061.001014896,
  "achieved_over_offered": 0.9998080472279406,
  "total_elapsed_ms": 24004.607751000003,
  "generator_limited": false,
  "kept_up": true,
  "issue_lag": {
    "p50_us": 810.028,
    "p99_us": 2198.881,
    "max_us": 3069.003
  },
  "query_queue_wait": {
    "p50_us": 445.287,
    "p99_us": 2074.806,
    "max_us": 3384.166
  },
  "lookup_service": {
    "p50_us": 24.196,
    "p99_us": 390.833,
    "max_us": 1754.477
  },
  "scheduled_to_completion": {
    "p50_us": 1391.499,
    "p99_us": 3492.005,
    "max_us": 4494.714
  },
  "update_scheduled_to_enqueue": {
    "p50_us": 812.284,
    "p99_us": 2235.485,
    "max_us": 3069.063
  },
  "update_enqueue_to_applied": {
    "p50_us": 113.757,
    "p99_us": 1406.404,
    "max_us": 8718.57
  },
  "update_scheduled_to_applied": {
    "p50_us": 1002.356,
    "p99_us": 2951.105,
    "max_us": 9064.17
  },
  "query_queue": {
    "at_stop": 0,
    "maximum_depth": 713,
    "drain_ms": 3.74385
  },
  "update_queue": {
    "at_stop": 0,
    "maximum_depth": 716,
    "drain_ms": 0.059242
  },
  "crtc_raw_events": 0,
  "crtc_raw_blocks": 0,
  "ckf_frames": 2144651,
  "ckf_dirty_buckets": 48795147,
  "ckf_bytes": 714220824,
  "ckf_apply_mib_s": 113.17991947637378,
  "ckf_full_apply_mib_s": 0.0,
  "ckf_delta_apply_mib_s": 113.17991947637378,
  "full_publications": 0,
  "delta_publications": 2144651,
  "unchanged_publications": 0,
  "generation_conflicts": 710373,
  "native_fallbacks": 710373,
  "repeated_fallbacks": 0,
  "errors": {
    "insertion": 0,
    "removal": 0,
    "decode": 0,
    "application": 0,
    "epoch": 0,
    "desynchronization": 0
  },
  "accuracy": {
    "checked_results": 66048,
    "inflated": 5,
    "maximum_inflation": 1,
    "under_reported": 0,
    "full_map_mismatches": 0,
    "wrong_best_dc": 4
  },
  "rss_bytes": 0,
  "pss_bytes": null,
  "uss_bytes": null
}
