{
  "schema_version": 1,
  "measured_code_sha": "7d29b240c6632d78bf06b1e44ac0773f133a5e3b",
  "corpus_sha256": "4056bc655ad04816545472cfdc9c877b727e221a141c413de4bd606d4e36da6c",
  "backend": "ckf-native",
  "repetition": 2,
  "phase": "capacity",
  "replay_window_ms": 3000.0,
  "nominal_offered_mixed_ops_s": 872270.3333333334,
  "nominal_offered_block_ops_s": 26525579.666666668,
  "actual_issue_mixed_ops_s": 872030.1826159289,
  "achieved_mixed_ops_s": 870467.1779834841,
  "achieved_block_ops_s": 26470746.045648027,
  "achieved_over_offered": 0.9979328021589836,
  "total_elapsed_ms": 3006.2144399999997,
  "generator_limited": false,
  "kept_up": true,
  "issue_lag": {
    "p50_us": 760.281,
    "p99_us": 2206.529,
    "max_us": 3147.813
  },
  "query_queue_wait": {
    "p50_us": 335.447,
    "p99_us": 1753.593,
    "max_us": 3475.126
  },
  "lookup_service": {
    "p50_us": 24.957,
    "p99_us": 209.017,
    "max_us": 1718.817
  },
  "scheduled_to_completion": {
    "p50_us": 1143.43,
    "p99_us": 2960.852,
    "max_us": 5347.585
  },
  "update_scheduled_to_enqueue": {
    "p50_us": 770.749,
    "p99_us": 2253.104,
    "max_us": 3147.863
  },
  "update_enqueue_to_applied": {
    "p50_us": 713.576,
    "p99_us": 14717.484,
    "max_us": 24538.992
  },
  "update_scheduled_to_applied": {
    "p50_us": 1567.299,
    "p99_us": 15556.405,
    "max_us": 25445.96
  },
  "query_queue": {
    "at_stop": 0,
    "maximum_depth": 765,
    "drain_ms": 5.388401999999999
  },
  "update_queue": {
    "at_stop": 0,
    "maximum_depth": 3118,
    "drain_ms": 0.048452
  },
  "crtc_raw_events": 0,
  "crtc_raw_blocks": 0,
  "ckf_frames": 2144651,
  "ckf_dirty_buckets": 48795147,
  "ckf_bytes": 714220824,
  "ckf_apply_mib_s": 144.47388882009542,
  "ckf_full_apply_mib_s": 0.0,
  "ckf_delta_apply_mib_s": 144.47388882009542,
  "full_publications": 0,
  "delta_publications": 2144651,
  "unchanged_publications": 0,
  "generation_conflicts": 0,
  "native_fallbacks": 0,
  "repeated_fallbacks": 0,
  "errors": {
    "insertion": 0,
    "removal": 0,
    "decode": 0,
    "application": 0,
    "epoch": 0,
    "desynchronization": 0
  },
  "accuracy": {
    "checked_results": 66048,
    "inflated": 5,
    "maximum_inflation": 1,
    "under_reported": 0,
    "full_map_mismatches": 0,
    "wrong_best_dc": 4
  },
  "rss_bytes": 0,
  "pss_bytes": null,
  "uss_bytes": null
}
