{
  "schema_version": 1,
  "measured_code_sha": "7d29b240c6632d78bf06b1e44ac0773f133a5e3b",
  "corpus_sha256": "4056bc655ad04816545472cfdc9c877b727e221a141c413de4bd606d4e36da6c",
  "backend": "ckf-native",
  "repetition": 4,
  "phase": "capacity",
  "replay_window_ms": 1500.0,
  "nominal_offered_mixed_ops_s": 1744540.6666666667,
  "nominal_offered_block_ops_s": 53051159.333333336,
  "actual_issue_mixed_ops_s": 1744251.9069263097,
  "achieved_mixed_ops_s": 1041314.0172697813,
  "achieved_block_ops_s": 31666166.860854253,
  "achieved_over_offered": 0.5968986777817243,
  "total_elapsed_ms": 2512.989316,
  "generator_limited": false,
  "kept_up": false,
  "issue_lag": {
    "p50_us": 931.102,
    "p99_us": 9808.956,
    "max_us": 11689.716
  },
  "query_queue_wait": {
    "p50_us": 466.246,
    "p99_us": 7441.581,
    "max_us": 10296.116
  },
  "lookup_service": {
    "p50_us": 23.926,
    "p99_us": 152.029,
    "max_us": 9131.523
  },
  "scheduled_to_completion": {
    "p50_us": 1413.058,
    "p99_us": 9956.71,
    "max_us": 11954.889
  },
  "update_scheduled_to_enqueue": {
    "p50_us": 954.383,
    "p99_us": 9917.895,
    "max_us": 11689.766
  },
  "update_enqueue_to_applied": {
    "p50_us": 533191.719,
    "p99_us": 1047897.34,
    "max_us": 1065799.9
  },
  "update_scheduled_to_applied": {
    "p50_us": 534292.228,
    "p99_us": 1048691.926,
    "max_us": 1066192.036
  },
  "query_queue": {
    "at_stop": 23,
    "maximum_depth": 3479,
    "drain_ms": 5.544346
  },
  "update_queue": {
    "at_stop": 933883,
    "maximum_depth": 126028,
    "drain_ms": 1012.697789
  },
  "crtc_raw_events": 0,
  "crtc_raw_blocks": 0,
  "ckf_frames": 2144651,
  "ckf_dirty_buckets": 48795147,
  "ckf_bytes": 714220824,
  "ckf_apply_mib_s": 160.8215253042848,
  "ckf_full_apply_mib_s": 0.0,
  "ckf_delta_apply_mib_s": 160.8215253042848,
  "full_publications": 0,
  "delta_publications": 2144651,
  "unchanged_publications": 0,
  "generation_conflicts": 0,
  "native_fallbacks": 0,
  "repeated_fallbacks": 0,
  "errors": {
    "insertion": 0,
    "removal": 0,
    "decode": 0,
    "application": 0,
    "epoch": 0,
    "desynchronization": 0
  },
  "accuracy": {
    "checked_results": 66048,
    "inflated": 5,
    "maximum_inflation": 1,
    "under_reported": 0,
    "full_map_mismatches": 0,
    "wrong_best_dc": 4
  },
  "rss_bytes": 0,
  "pss_bytes": null,
  "uss_bytes": null
}
