{
  "schema_version": 1,
  "measured_code_sha": "7d29b240c6632d78bf06b1e44ac0773f133a5e3b",
  "corpus_sha256": "4056bc655ad04816545472cfdc9c877b727e221a141c413de4bd606d4e36da6c",
  "backend": "ckf-transposed",
  "repetition": 5,
  "phase": "capacity",
  "replay_window_ms": 12000.0,
  "nominal_offered_mixed_ops_s": 218067.58333333334,
  "nominal_offered_block_ops_s": 6631394.916666667,
  "actual_issue_mixed_ops_s": 218056.68923931033,
  "achieved_mixed_ops_s": 217983.44517490038,
  "achieved_block_ops_s": 6628836.290814987,
  "achieved_over_offered": 0.9996141647596272,
  "total_elapsed_ms": 12004.631809999999,
  "generator_limited": false,
  "kept_up": true,
  "issue_lag": {
    "p50_us": 769.474,
    "p99_us": 2155.634,
    "max_us": 3057.869
  },
  "query_queue_wait": {
    "p50_us": 507.635,
    "p99_us": 2130.107,
    "max_us": 3386.524
  },
  "lookup_service": {
    "p50_us": 25.829,
    "p99_us": 392.285,
    "max_us": 1493.889
  },
  "scheduled_to_completion": {
    "p50_us": 1372.501,
    "p99_us": 3426.103,
    "max_us": 4674.413
  },
  "update_scheduled_to_enqueue": {
    "p50_us": 771.434,
    "p99_us": 2190.942,
    "max_us": 3058.049
  },
  "update_enqueue_to_applied": {
    "p50_us": 141.118,
    "p99_us": 1465.154,
    "max_us": 9593.516
  },
  "update_scheduled_to_applied": {
    "p50_us": 977.971,
    "p99_us": 2882.77,
    "max_us": 10041.237
  },
  "query_queue": {
    "at_stop": 0,
    "maximum_depth": 753,
    "drain_ms": 4.032412
  },
  "update_queue": {
    "at_stop": 0,
    "maximum_depth": 714,
    "drain_ms": 0.069573
  },
  "crtc_raw_events": 0,
  "crtc_raw_blocks": 0,
  "ckf_frames": 2144651,
  "ckf_dirty_buckets": 48795147,
  "ckf_bytes": 714220824,
  "ckf_apply_mib_s": 112.7921673408624,
  "ckf_full_apply_mib_s": 0.0,
  "ckf_delta_apply_mib_s": 112.7921673408624,
  "full_publications": 0,
  "delta_publications": 2144651,
  "unchanged_publications": 0,
  "generation_conflicts": 785260,
  "native_fallbacks": 785260,
  "repeated_fallbacks": 0,
  "errors": {
    "insertion": 0,
    "removal": 0,
    "decode": 0,
    "application": 0,
    "epoch": 0,
    "desynchronization": 0
  },
  "accuracy": {
    "checked_results": 66048,
    "inflated": 5,
    "maximum_inflation": 1,
    "under_reported": 0,
    "full_map_mismatches": 0,
    "wrong_best_dc": 4
  },
  "rss_bytes": 0,
  "pss_bytes": null,
  "uss_bytes": null
}
