{
  "schema_version": 1,
  "measured_code_sha": "7d29b240c6632d78bf06b1e44ac0773f133a5e3b",
  "corpus_sha256": "4056bc655ad04816545472cfdc9c877b727e221a141c413de4bd606d4e36da6c",
  "backend": "ckf-transposed",
  "repetition": 3,
  "phase": "capacity",
  "replay_window_ms": 12000.0,
  "nominal_offered_mixed_ops_s": 218067.58333333334,
  "nominal_offered_block_ops_s": 6631394.916666667,
  "actual_issue_mixed_ops_s": 218047.7253454026,
  "achieved_mixed_ops_s": 217977.2500551097,
  "achieved_block_ops_s": 6628647.898366829,
  "achieved_over_offered": 0.9995857555862141,
  "total_elapsed_ms": 12004.972993000001,
  "generator_limited": false,
  "kept_up": true,
  "issue_lag": {
    "p50_us": 768.243,
    "p99_us": 2101.356,
    "max_us": 2763.111
  },
  "query_queue_wait": {
    "p50_us": 533.002,
    "p99_us": 2124.195,
    "max_us": 3535.998
  },
  "lookup_service": {
    "p50_us": 26.079,
    "p99_us": 390.933,
    "max_us": 1821.33
  },
  "scheduled_to_completion": {
    "p50_us": 1395.845,
    "p99_us": 3389.321,
    "max_us": 5479.273
  },
  "update_scheduled_to_enqueue": {
    "p50_us": 770.75,
    "p99_us": 2129.276,
    "max_us": 2763.161
  },
  "update_enqueue_to_applied": {
    "p50_us": 141.258,
    "p99_us": 1541.609,
    "max_us": 9328.392
  },
  "update_scheduled_to_applied": {
    "p50_us": 978.675,
    "p99_us": 2867.911,
    "max_us": 9516.256
  },
  "query_queue": {
    "at_stop": 0,
    "maximum_depth": 696,
    "drain_ms": 3.8804629999999998
  },
  "update_queue": {
    "at_stop": 0,
    "maximum_depth": 725,
    "drain_ms": 0.067618
  },
  "crtc_raw_events": 0,
  "crtc_raw_blocks": 0,
  "ckf_frames": 2144651,
  "ckf_dirty_buckets": 48795147,
  "ckf_bytes": 714220824,
  "ckf_apply_mib_s": 112.57011396403159,
  "ckf_full_apply_mib_s": 0.0,
  "ckf_delta_apply_mib_s": 112.57011396403159,
  "full_publications": 0,
  "delta_publications": 2144651,
  "unchanged_publications": 0,
  "generation_conflicts": 779322,
  "native_fallbacks": 779322,
  "repeated_fallbacks": 0,
  "errors": {
    "insertion": 0,
    "removal": 0,
    "decode": 0,
    "application": 0,
    "epoch": 0,
    "desynchronization": 0
  },
  "accuracy": {
    "checked_results": 66048,
    "inflated": 5,
    "maximum_inflation": 1,
    "under_reported": 0,
    "full_map_mismatches": 0,
    "wrong_best_dc": 4
  },
  "rss_bytes": 0,
  "pss_bytes": null,
  "uss_bytes": null
}
