{
  "schema_version": 1,
  "measured_code_sha": "7d29b240c6632d78bf06b1e44ac0773f133a5e3b",
  "corpus_sha256": "4056bc655ad04816545472cfdc9c877b727e221a141c413de4bd606d4e36da6c",
  "backend": "ckf-native",
  "repetition": 1,
  "phase": "capacity",
  "replay_window_ms": 1500.0,
  "nominal_offered_mixed_ops_s": 1744540.6666666667,
  "nominal_offered_block_ops_s": 53051159.333333336,
  "actual_issue_mixed_ops_s": 1744529.127188,
  "achieved_mixed_ops_s": 1054290.7681974557,
  "achieved_block_ops_s": 32060787.458841477,
  "achieved_over_offered": 0.6043371692858917,
  "total_elapsed_ms": 2482.058156,
  "generator_limited": false,
  "kept_up": false,
  "issue_lag": {
    "p50_us": 969.141,
    "p99_us": 9510.071,
    "max_us": 10995.162
  },
  "query_queue_wait": {
    "p50_us": 416.561,
    "p99_us": 2791.089,
    "max_us": 4606.205
  },
  "lookup_service": {
    "p50_us": 23.445,
    "p99_us": 151.497,
    "max_us": 2726.847
  },
  "scheduled_to_completion": {
    "p50_us": 1413.634,
    "p99_us": 9698.146,
    "max_us": 11412.456
  },
  "update_scheduled_to_enqueue": {
    "p50_us": 990.212,
    "p99_us": 9791.587,
    "max_us": 10995.472
  },
  "update_enqueue_to_applied": {
    "p50_us": 522050.429,
    "p99_us": 1047446.766,
    "max_us": 1062118.772
  },
  "update_scheduled_to_applied": {
    "p50_us": 523696.679,
    "p99_us": 1048625.659,
    "max_us": 1062882.44
  },
  "query_queue": {
    "at_stop": 31,
    "maximum_depth": 1571,
    "drain_ms": 5.446842
  },
  "update_queue": {
    "at_stop": 925849,
    "maximum_depth": 131770,
    "drain_ms": 981.980434
  },
  "crtc_raw_events": 0,
  "crtc_raw_blocks": 0,
  "ckf_frames": 2144651,
  "ckf_dirty_buckets": 48795147,
  "ckf_bytes": 714220824,
  "ckf_apply_mib_s": 162.0971149951758,
  "ckf_full_apply_mib_s": 0.0,
  "ckf_delta_apply_mib_s": 162.0971149951758,
  "full_publications": 0,
  "delta_publications": 2144651,
  "unchanged_publications": 0,
  "generation_conflicts": 0,
  "native_fallbacks": 0,
  "repeated_fallbacks": 0,
  "errors": {
    "insertion": 0,
    "removal": 0,
    "decode": 0,
    "application": 0,
    "epoch": 0,
    "desynchronization": 0
  },
  "accuracy": {
    "checked_results": 66048,
    "inflated": 5,
    "maximum_inflation": 1,
    "under_reported": 0,
    "full_map_mismatches": 0,
    "wrong_best_dc": 4
  },
  "rss_bytes": 0,
  "pss_bytes": null,
  "uss_bytes": null
}
