{
  "schema_version": 1,
  "measured_code_sha": "7d29b240c6632d78bf06b1e44ac0773f133a5e3b",
  "corpus_sha256": "4056bc655ad04816545472cfdc9c877b727e221a141c413de4bd606d4e36da6c",
  "backend": "ckf-native",
  "repetition": 2,
  "phase": "capacity",
  "replay_window_ms": 750.0,
  "nominal_offered_mixed_ops_s": 3489081.3333333335,
  "nominal_offered_block_ops_s": 106102318.66666667,
  "actual_issue_mixed_ops_s": 2280744.8398133945,
  "achieved_mixed_ops_s": 1074886.37574964,
  "achieved_block_ops_s": 32687096.079038583,
  "achieved_over_offered": 0.3080714586617948,
  "total_elapsed_ms": 2434.50011,
  "generator_limited": true,
  "kept_up": false,
  "issue_lag": {
    "p50_us": 200859.743,
    "p99_us": 396285.46,
    "max_us": 400138.142
  },
  "query_queue_wait": {
    "p50_us": 4384.105,
    "p99_us": 18749.273,
    "max_us": 23499.773
  },
  "lookup_service": {
    "p50_us": 24.456,
    "p99_us": 152.56,
    "max_us": 2772.49
  },
  "scheduled_to_completion": {
    "p50_us": 200883.089,
    "p99_us": 396666.514,
    "max_us": 400211.139
  },
  "update_scheduled_to_enqueue": {
    "p50_us": 201012.134,
    "p99_us": 396339.703,
    "max_us": 400138.293
  },
  "update_enqueue_to_applied": {
    "p50_us": 707751.795,
    "p99_us": 1315690.093,
    "max_us": 1321936.287
  },
  "update_scheduled_to_applied": {
    "p50_us": 902822.078,
    "p99_us": 1691741.708,
    "max_us": 1696142.557
  },
  "query_queue": {
    "at_stop": 25,
    "maximum_depth": 7379,
    "drain_ms": 5.749941
  },
  "update_queue": {
    "at_stop": 1223102,
    "maximum_depth": 161686,
    "drain_ms": 1287.092488
  },
  "crtc_raw_events": 0,
  "crtc_raw_blocks": 0,
  "ckf_frames": 2144651,
  "ckf_dirty_buckets": 48795147,
  "ckf_bytes": 714220824,
  "ckf_apply_mib_s": 164.51058208900696,
  "ckf_full_apply_mib_s": 0.0,
  "ckf_delta_apply_mib_s": 164.51058208900696,
  "full_publications": 0,
  "delta_publications": 2144651,
  "unchanged_publications": 0,
  "generation_conflicts": 0,
  "native_fallbacks": 0,
  "repeated_fallbacks": 0,
  "errors": {
    "insertion": 0,
    "removal": 0,
    "decode": 0,
    "application": 0,
    "epoch": 0,
    "desynchronization": 0
  },
  "accuracy": {
    "checked_results": 66048,
    "inflated": 5,
    "maximum_inflation": 1,
    "under_reported": 0,
    "full_map_mismatches": 0,
    "wrong_best_dc": 4
  },
  "rss_bytes": 0,
  "pss_bytes": null,
  "uss_bytes": null
}
