{
  "schema_version": 1,
  "measured_code_sha": "7d29b240c6632d78bf06b1e44ac0773f133a5e3b",
  "corpus_sha256": "4056bc655ad04816545472cfdc9c877b727e221a141c413de4bd606d4e36da6c",
  "backend": "ckf-transposed",
  "repetition": 5,
  "phase": "capacity",
  "replay_window_ms": 750.0,
  "nominal_offered_mixed_ops_s": 3489081.3333333335,
  "nominal_offered_block_ops_s": 106102318.66666667,
  "actual_issue_mixed_ops_s": 2973587.3712011576,
  "achieved_mixed_ops_s": 1510371.9230436927,
  "achieved_block_ops_s": 45930131.10728135,
  "achieved_over_offered": 0.4328852722962298,
  "total_elapsed_ms": 1732.5606759999998,
  "generator_limited": true,
  "kept_up": false,
  "issue_lag": {
    "p50_us": 71710.011,
    "p99_us": 132499.34,
    "max_us": 133711.441
  },
  "query_queue_wait": {
    "p50_us": 870664.028,
    "p99_us": 1041026.107,
    "max_us": 1048009.197
  },
  "lookup_service": {
    "p50_us": 20.459,
    "p99_us": 333.514,
    "max_us": 9114.197
  },
  "scheduled_to_completion": {
    "p50_us": 994453.722,
    "p99_us": 1113354.46,
    "max_us": 1121829.95
  },
  "update_scheduled_to_enqueue": {
    "p50_us": 71744.841,
    "p99_us": 132534.357,
    "max_us": 133711.491
  },
  "update_enqueue_to_applied": {
    "p50_us": 272400.689,
    "p99_us": 617614.003,
    "max_us": 641819.587
  },
  "update_scheduled_to_applied": {
    "p50_us": 344362.867,
    "p99_us": 749383.898,
    "max_us": 774113.655
  },
  "query_queue": {
    "at_stop": 344186,
    "maximum_depth": 344188,
    "drain_ms": 852.542638
  },
  "update_queue": {
    "at_stop": 870133,
    "maximum_depth": 118029,
    "drain_ms": 641.677276
  },
  "crtc_raw_events": 0,
  "crtc_raw_blocks": 0,
  "ckf_frames": 2144651,
  "ckf_dirty_buckets": 48795147,
  "ckf_bytes": 714220824,
  "ckf_apply_mib_s": 118.25800800793859,
  "ckf_full_apply_mib_s": 0.0,
  "ckf_delta_apply_mib_s": 118.25800800793859,
  "full_publications": 0,
  "delta_publications": 2144651,
  "unchanged_publications": 0,
  "generation_conflicts": 1248920,
  "native_fallbacks": 1248920,
  "repeated_fallbacks": 0,
  "errors": {
    "insertion": 0,
    "removal": 0,
    "decode": 0,
    "application": 0,
    "epoch": 0,
    "desynchronization": 0
  },
  "accuracy": {
    "checked_results": 66048,
    "inflated": 5,
    "maximum_inflation": 1,
    "under_reported": 0,
    "full_map_mismatches": 0,
    "wrong_best_dc": 4
  },
  "rss_bytes": 0,
  "pss_bytes": null,
  "uss_bytes": null
}
