{
  "schema_version": 1,
  "measured_code_sha": "7d29b240c6632d78bf06b1e44ac0773f133a5e3b",
  "corpus_sha256": "4056bc655ad04816545472cfdc9c877b727e221a141c413de4bd606d4e36da6c",
  "backend": "ckf-transposed",
  "repetition": 3,
  "phase": "capacity",
  "replay_window_ms": 3000.0,
  "nominal_offered_mixed_ops_s": 872270.3333333334,
  "nominal_offered_block_ops_s": 26525579.666666668,
  "actual_issue_mixed_ops_s": 872148.537790031,
  "achieved_mixed_ops_s": 871059.1778101389,
  "achieved_block_ops_s": 26488748.65099238,
  "achieved_over_offered": 0.9986114906389558,
  "total_elapsed_ms": 3004.1713200000004,
  "generator_limited": false,
  "kept_up": true,
  "issue_lag": {
    "p50_us": 747.154,
    "p99_us": 2175.504,
    "max_us": 3779.84
  },
  "query_queue_wait": {
    "p50_us": 848.47,
    "p99_us": 3116.684,
    "max_us": 6140.141
  },
  "lookup_service": {
    "p50_us": 36.379,
    "p99_us": 363.58,
    "max_us": 1671.001
  },
  "scheduled_to_completion": {
    "p50_us": 1625.016,
    "p99_us": 4164.95,
    "max_us": 7050.284
  },
  "update_scheduled_to_enqueue": {
    "p50_us": 759.649,
    "p99_us": 2237.272,
    "max_us": 3780.17
  },
  "update_enqueue_to_applied": {
    "p50_us": 432.551,
    "p99_us": 6165.599,
    "max_us": 13307.902
  },
  "update_scheduled_to_applied": {
    "p50_us": 1243.288,
    "p99_us": 7403.779,
    "max_us": 16822.937
  },
  "query_queue": {
    "at_stop": 0,
    "maximum_depth": 1152,
    "drain_ms": 3.752471
  },
  "update_queue": {
    "at_stop": 0,
    "maximum_depth": 2475,
    "drain_ms": 0.046428
  },
  "crtc_raw_events": 0,
  "crtc_raw_blocks": 0,
  "ckf_frames": 2144651,
  "ckf_dirty_buckets": 48795147,
  "ckf_bytes": 714220824,
  "ckf_apply_mib_s": 113.73911550299182,
  "ckf_full_apply_mib_s": 0.0,
  "ckf_delta_apply_mib_s": 113.73911550299182,
  "full_publications": 0,
  "delta_publications": 2144651,
  "unchanged_publications": 0,
  "generation_conflicts": 1395507,
  "native_fallbacks": 1395507,
  "repeated_fallbacks": 0,
  "errors": {
    "insertion": 0,
    "removal": 0,
    "decode": 0,
    "application": 0,
    "epoch": 0,
    "desynchronization": 0
  },
  "accuracy": {
    "checked_results": 66048,
    "inflated": 5,
    "maximum_inflation": 1,
    "under_reported": 0,
    "full_map_mismatches": 0,
    "wrong_best_dc": 4
  },
  "rss_bytes": 0,
  "pss_bytes": null,
  "uss_bytes": null
}
