{
  "schema_version": 1,
  "measured_code_sha": "7d29b240c6632d78bf06b1e44ac0773f133a5e3b",
  "corpus_sha256": "4056bc655ad04816545472cfdc9c877b727e221a141c413de4bd606d4e36da6c",
  "backend": "ckf-native",
  "repetition": 5,
  "phase": "capacity",
  "replay_window_ms": 1500.0,
  "nominal_offered_mixed_ops_s": 1744540.6666666667,
  "nominal_offered_block_ops_s": 53051159.333333336,
  "actual_issue_mixed_ops_s": 1743662.0016732248,
  "achieved_mixed_ops_s": 1050238.8145652753,
  "achieved_block_ops_s": 31937568.29756918,
  "achieved_over_offered": 0.6020145214338799,
  "total_elapsed_ms": 2491.634249,
  "generator_limited": false,
  "kept_up": false,
  "issue_lag": {
    "p50_us": 941.189,
    "p99_us": 10114.092,
    "max_us": 11550.841
  },
  "query_queue_wait": {
    "p50_us": 439.916,
    "p99_us": 2369.384,
    "max_us": 4242.384
  },
  "lookup_service": {
    "p50_us": 23.334,
    "p99_us": 154.343,
    "max_us": 712.885
  },
  "scheduled_to_completion": {
    "p50_us": 1398.696,
    "p99_us": 9881.908,
    "max_us": 12474.044
  },
  "update_scheduled_to_enqueue": {
    "p50_us": 963.167,
    "p99_us": 10543.238,
    "max_us": 11551.021
  },
  "update_enqueue_to_applied": {
    "p50_us": 510967.721,
    "p99_us": 1060650.32,
    "max_us": 1074028.008
  },
  "update_scheduled_to_applied": {
    "p50_us": 511974.298,
    "p99_us": 1061199.063,
    "max_us": 1074917.355
  },
  "query_queue": {
    "at_stop": 16,
    "maximum_depth": 1408,
    "drain_ms": 5.966531
  },
  "update_queue": {
    "at_stop": 916869,
    "maximum_depth": 128564,
    "drain_ms": 990.854986
  },
  "crtc_raw_events": 0,
  "crtc_raw_blocks": 0,
  "ckf_frames": 2144651,
  "ckf_dirty_buckets": 48795147,
  "ckf_bytes": 714220824,
  "ckf_apply_mib_s": 161.7363752980501,
  "ckf_full_apply_mib_s": 0.0,
  "ckf_delta_apply_mib_s": 161.7363752980501,
  "full_publications": 0,
  "delta_publications": 2144651,
  "unchanged_publications": 0,
  "generation_conflicts": 0,
  "native_fallbacks": 0,
  "repeated_fallbacks": 0,
  "errors": {
    "insertion": 0,
    "removal": 0,
    "decode": 0,
    "application": 0,
    "epoch": 0,
    "desynchronization": 0
  },
  "accuracy": {
    "checked_results": 66048,
    "inflated": 5,
    "maximum_inflation": 1,
    "under_reported": 0,
    "full_map_mismatches": 0,
    "wrong_best_dc": 4
  },
  "rss_bytes": 0,
  "pss_bytes": null,
  "uss_bytes": null
}
