{
  "schema_version": 1,
  "measured_code_sha": "7d29b240c6632d78bf06b1e44ac0773f133a5e3b",
  "corpus_sha256": "4056bc655ad04816545472cfdc9c877b727e221a141c413de4bd606d4e36da6c",
  "backend": "ckf-transposed",
  "repetition": 5,
  "phase": "capacity",
  "replay_window_ms": 3000.0,
  "nominal_offered_mixed_ops_s": 872270.3333333334,
  "nominal_offered_block_ops_s": 26525579.666666668,
  "actual_issue_mixed_ops_s": 872182.1821709087,
  "achieved_mixed_ops_s": 871141.6827499237,
  "achieved_block_ops_s": 26491257.61096674,
  "achieved_over_offered": 0.9987060770723492,
  "total_elapsed_ms": 3003.886798,
  "generator_limited": false,
  "kept_up": true,
  "issue_lag": {
    "p50_us": 735.008,
    "p99_us": 2088.975,
    "max_us": 3412.401
  },
  "query_queue_wait": {
    "p50_us": 879.882,
    "p99_us": 3830.098,
    "max_us": 8891.306
  },
  "lookup_service": {
    "p50_us": 36.891,
    "p99_us": 374.181,
    "max_us": 1826.44
  },
  "scheduled_to_completion": {
    "p50_us": 1647.259,
    "p99_us": 4603.652,
    "max_us": 10038.584
  },
  "update_scheduled_to_enqueue": {
    "p50_us": 744.971,
    "p99_us": 2130.723,
    "max_us": 3412.752
  },
  "update_enqueue_to_applied": {
    "p50_us": 445.797,
    "p99_us": 6302.627,
    "max_us": 14758.695
  },
  "update_scheduled_to_applied": {
    "p50_us": 1253.585,
    "p99_us": 7402.899,
    "max_us": 16378.03
  },
  "query_queue": {
    "at_stop": 0,
    "maximum_depth": 1005,
    "drain_ms": 3.5836900000000003
  },
  "update_queue": {
    "at_stop": 0,
    "maximum_depth": 2620,
    "drain_ms": 0.045287
  },
  "crtc_raw_events": 0,
  "crtc_raw_blocks": 0,
  "ckf_frames": 2144651,
  "ckf_dirty_buckets": 48795147,
  "ckf_bytes": 714220824,
  "ckf_apply_mib_s": 111.61157125827928,
  "ckf_full_apply_mib_s": 0.0,
  "ckf_delta_apply_mib_s": 111.61157125827928,
  "full_publications": 0,
  "delta_publications": 2144651,
  "unchanged_publications": 0,
  "generation_conflicts": 1391067,
  "native_fallbacks": 1391067,
  "repeated_fallbacks": 0,
  "errors": {
    "insertion": 0,
    "removal": 0,
    "decode": 0,
    "application": 0,
    "epoch": 0,
    "desynchronization": 0
  },
  "accuracy": {
    "checked_results": 66048,
    "inflated": 5,
    "maximum_inflation": 1,
    "under_reported": 0,
    "full_map_mismatches": 0,
    "wrong_best_dc": 4
  },
  "rss_bytes": 0,
  "pss_bytes": null,
  "uss_bytes": null
}
