{
  "schema_version": 1,
  "measured_code_sha": "7d29b240c6632d78bf06b1e44ac0773f133a5e3b",
  "corpus_sha256": "4056bc655ad04816545472cfdc9c877b727e221a141c413de4bd606d4e36da6c",
  "backend": "ckf-native",
  "repetition": 2,
  "phase": "capacity",
  "replay_window_ms": 1500.0,
  "nominal_offered_mixed_ops_s": 1744540.6666666667,
  "nominal_offered_block_ops_s": 53051159.333333336,
  "actual_issue_mixed_ops_s": 1743971.5889721736,
  "achieved_mixed_ops_s": 1073001.852257971,
  "achieved_block_ops_s": 32629788.06786165,
  "achieved_over_offered": 0.6150626768180646,
  "total_elapsed_ms": 2438.775846,
  "generator_limited": false,
  "kept_up": false,
  "issue_lag": {
    "p50_us": 993.125,
    "p99_us": 9522.748,
    "max_us": 10999.078
  },
  "query_queue_wait": {
    "p50_us": 434.516,
    "p99_us": 2376.868,
    "max_us": 3624.33
  },
  "lookup_service": {
    "p50_us": 24.316,
    "p99_us": 154.914,
    "max_us": 688.429
  },
  "scheduled_to_completion": {
    "p50_us": 1469.355,
    "p99_us": 9240.135,
    "max_us": 11453.676
  },
  "update_scheduled_to_enqueue": {
    "p50_us": 1016.137,
    "p99_us": 9840.777,
    "max_us": 10999.128
  },
  "update_enqueue_to_applied": {
    "p50_us": 506417.991,
    "p99_us": 1015196.731,
    "max_us": 1036195.716
  },
  "update_scheduled_to_applied": {
    "p50_us": 507586.527,
    "p99_us": 1016060.801,
    "max_us": 1037015.876
  },
  "query_queue": {
    "at_stop": 30,
    "maximum_depth": 1253,
    "drain_ms": 1.879803
  },
  "update_queue": {
    "at_stop": 906740,
    "maximum_depth": 130132,
    "drain_ms": 938.218792
  },
  "crtc_raw_events": 0,
  "crtc_raw_blocks": 0,
  "ckf_frames": 2144651,
  "ckf_dirty_buckets": 48795147,
  "ckf_bytes": 714220824,
  "ckf_apply_mib_s": 159.81737862824977,
  "ckf_full_apply_mib_s": 0.0,
  "ckf_delta_apply_mib_s": 159.81737862824977,
  "full_publications": 0,
  "delta_publications": 2144651,
  "unchanged_publications": 0,
  "generation_conflicts": 0,
  "native_fallbacks": 0,
  "repeated_fallbacks": 0,
  "errors": {
    "insertion": 0,
    "removal": 0,
    "decode": 0,
    "application": 0,
    "epoch": 0,
    "desynchronization": 0
  },
  "accuracy": {
    "checked_results": 66048,
    "inflated": 5,
    "maximum_inflation": 1,
    "under_reported": 0,
    "full_map_mismatches": 0,
    "wrong_best_dc": 4
  },
  "rss_bytes": 0,
  "pss_bytes": null,
  "uss_bytes": null
}
