{
  "schema_version": 1,
  "measured_code_sha": "7d29b240c6632d78bf06b1e44ac0773f133a5e3b",
  "corpus_sha256": "4056bc655ad04816545472cfdc9c877b727e221a141c413de4bd606d4e36da6c",
  "backend": "ckf-native",
  "repetition": 3,
  "phase": "capacity",
  "replay_window_ms": 750.0,
  "nominal_offered_mixed_ops_s": 3489081.3333333335,
  "nominal_offered_block_ops_s": 106102318.66666667,
  "actual_issue_mixed_ops_s": 2603180.085262643,
  "achieved_mixed_ops_s": 1079346.4981878377,
  "achieved_block_ops_s": 32822727.578284226,
  "achieved_over_offered": 0.3093497671940687,
  "total_elapsed_ms": 2424.4401629999998,
  "generator_limited": true,
  "kept_up": false,
  "issue_lag": {
    "p50_us": 124785.137,
    "p99_us": 255398.372,
    "max_us": 258284.674
  },
  "query_queue_wait": {
    "p50_us": 61896.477,
    "p99_us": 96506.834,
    "max_us": 100471.874
  },
  "lookup_service": {
    "p50_us": 24.306,
    "p99_us": 155.856,
    "max_us": 485.792
  },
  "scheduled_to_completion": {
    "p50_us": 181997.425,
    "p99_us": 344451.092,
    "max_us": 352366.38
  },
  "update_scheduled_to_enqueue": {
    "p50_us": 124900.89,
    "p99_us": 255439.791,
    "max_us": 258285.005
  },
  "update_enqueue_to_applied": {
    "p50_us": 776883.546,
    "p99_us": 1434106.048,
    "max_us": 1442947.359
  },
  "update_scheduled_to_applied": {
    "p50_us": 900583.657,
    "p99_us": 1680372.95,
    "max_us": 1689205.818
  },
  "query_queue": {
    "at_stop": 39667,
    "maximum_depth": 42148,
    "drain_ms": 95.080546
  },
  "update_queue": {
    "at_stop": 1334664,
    "maximum_depth": 173777,
    "drain_ms": 1419.176407
  },
  "crtc_raw_events": 0,
  "crtc_raw_blocks": 0,
  "ckf_frames": 2144651,
  "ckf_dirty_buckets": 48795147,
  "ckf_bytes": 714220824,
  "ckf_apply_mib_s": 166.79285272713108,
  "ckf_full_apply_mib_s": 0.0,
  "ckf_delta_apply_mib_s": 166.79285272713108,
  "full_publications": 0,
  "delta_publications": 2144651,
  "unchanged_publications": 0,
  "generation_conflicts": 0,
  "native_fallbacks": 0,
  "repeated_fallbacks": 0,
  "errors": {
    "insertion": 0,
    "removal": 0,
    "decode": 0,
    "application": 0,
    "epoch": 0,
    "desynchronization": 0
  },
  "accuracy": {
    "checked_results": 66048,
    "inflated": 5,
    "maximum_inflation": 1,
    "under_reported": 0,
    "full_map_mismatches": 0,
    "wrong_best_dc": 4
  },
  "rss_bytes": 0,
  "pss_bytes": null,
  "uss_bytes": null
}
