{
  "schema_version": 1,
  "measured_code_sha": "7d29b240c6632d78bf06b1e44ac0773f133a5e3b",
  "corpus_sha256": "4056bc655ad04816545472cfdc9c877b727e221a141c413de4bd606d4e36da6c",
  "backend": "ckf-transposed",
  "repetition": 4,
  "phase": "capacity",
  "replay_window_ms": 3000.0,
  "nominal_offered_mixed_ops_s": 872270.3333333334,
  "nominal_offered_block_ops_s": 26525579.666666668,
  "actual_issue_mixed_ops_s": 872163.5508611472,
  "achieved_mixed_ops_s": 871151.093218335,
  "achieved_block_ops_s": 26491543.781572346,
  "achieved_over_offered": 0.9987168655493288,
  "total_elapsed_ms": 3003.854349,
  "generator_limited": false,
  "kept_up": true,
  "issue_lag": {
    "p50_us": 732.703,
    "p99_us": 2127.889,
    "max_us": 2847.546
  },
  "query_queue_wait": {
    "p50_us": 953.041,
    "p99_us": 4168.231,
    "max_us": 8298.519
  },
  "lookup_service": {
    "p50_us": 36.569,
    "p99_us": 383.529,
    "max_us": 1873.73
  },
  "scheduled_to_completion": {
    "p50_us": 1699.182,
    "p99_us": 4958.418,
    "max_us": 9066.779
  },
  "update_scheduled_to_enqueue": {
    "p50_us": 741.321,
    "p99_us": 2178.207,
    "max_us": 2847.647
  },
  "update_enqueue_to_applied": {
    "p50_us": 340.357,
    "p99_us": 3258.302,
    "max_us": 10277.179
  },
  "update_scheduled_to_applied": {
    "p50_us": 1134.881,
    "p99_us": 4274.636,
    "max_us": 10629.962
  },
  "query_queue": {
    "at_stop": 0,
    "maximum_depth": 1405,
    "drain_ms": 3.4870769999999998
  },
  "update_queue": {
    "at_stop": 0,
    "maximum_depth": 2234,
    "drain_ms": 0.046198
  },
  "crtc_raw_events": 0,
  "crtc_raw_blocks": 0,
  "ckf_frames": 2144651,
  "ckf_dirty_buckets": 48795147,
  "ckf_bytes": 714220824,
  "ckf_apply_mib_s": 109.04338563509705,
  "ckf_full_apply_mib_s": 0.0,
  "ckf_delta_apply_mib_s": 109.04338563509705,
  "full_publications": 0,
  "delta_publications": 2144651,
  "unchanged_publications": 0,
  "generation_conflicts": 1209895,
  "native_fallbacks": 1209895,
  "repeated_fallbacks": 0,
  "errors": {
    "insertion": 0,
    "removal": 0,
    "decode": 0,
    "application": 0,
    "epoch": 0,
    "desynchronization": 0
  },
  "accuracy": {
    "checked_results": 66048,
    "inflated": 5,
    "maximum_inflation": 1,
    "under_reported": 0,
    "full_map_mismatches": 0,
    "wrong_best_dc": 4
  },
  "rss_bytes": 0,
  "pss_bytes": null,
  "uss_bytes": null
}
