{
  "schema_version": 1,
  "measured_code_sha": "7d29b240c6632d78bf06b1e44ac0773f133a5e3b",
  "corpus_sha256": "4056bc655ad04816545472cfdc9c877b727e221a141c413de4bd606d4e36da6c",
  "backend": "ckf-transposed",
  "repetition": 1,
  "phase": "capacity",
  "replay_window_ms": 750.0,
  "nominal_offered_mixed_ops_s": 3489081.3333333335,
  "nominal_offered_block_ops_s": 106102318.66666667,
  "actual_issue_mixed_ops_s": 2954177.1535441247,
  "achieved_mixed_ops_s": 1543887.4770213556,
  "achieved_block_ops_s": 46949332.911049716,
  "achieved_over_offered": 0.4424911114199752,
  "total_elapsed_ms": 1694.9493009999999,
  "generator_limited": true,
  "kept_up": false,
  "issue_lag": {
    "p50_us": 71197.979,
    "p99_us": 138302.941,
    "max_us": 139438.625
  },
  "query_queue_wait": {
    "p50_us": 853168.561,
    "p99_us": 1026161.151,
    "max_us": 1033764.642
  },
  "lookup_service": {
    "p50_us": 18.996,
    "p99_us": 349.173,
    "max_us": 9584.064
  },
  "scheduled_to_completion": {
    "p50_us": 975769.939,
    "p99_us": 1096507.184,
    "max_us": 1102980.705
  },
  "update_scheduled_to_enqueue": {
    "p50_us": 71234.623,
    "p99_us": 138330.102,
    "max_us": 139438.936
  },
  "update_enqueue_to_applied": {
    "p50_us": 255536.778,
    "p99_us": 553812.394,
    "max_us": 575081.01
  },
  "update_scheduled_to_applied": {
    "p50_us": 327302.213,
    "p99_us": 691313.29,
    "max_us": 712200.221
  },
  "query_queue": {
    "at_stop": 352709,
    "maximum_depth": 352710,
    "drain_ms": 809.1492949999999
  },
  "update_queue": {
    "at_stop": 824042,
    "maximum_depth": 109973,
    "drain_ms": 574.997753
  },
  "crtc_raw_events": 0,
  "crtc_raw_blocks": 0,
  "ckf_frames": 2144651,
  "ckf_dirty_buckets": 48795147,
  "ckf_bytes": 714220824,
  "ckf_apply_mib_s": 117.360835357316,
  "ckf_full_apply_mib_s": 0.0,
  "ckf_delta_apply_mib_s": 117.360835357316,
  "full_publications": 0,
  "delta_publications": 2144651,
  "unchanged_publications": 0,
  "generation_conflicts": 1134178,
  "native_fallbacks": 1134178,
  "repeated_fallbacks": 0,
  "errors": {
    "insertion": 0,
    "removal": 0,
    "decode": 0,
    "application": 0,
    "epoch": 0,
    "desynchronization": 0
  },
  "accuracy": {
    "checked_results": 66048,
    "inflated": 5,
    "maximum_inflation": 1,
    "under_reported": 0,
    "full_map_mismatches": 0,
    "wrong_best_dc": 4
  },
  "rss_bytes": 0,
  "pss_bytes": null,
  "uss_bytes": null
}
