{
  "schema_version": 1,
  "measured_code_sha": "7d29b240c6632d78bf06b1e44ac0773f133a5e3b",
  "corpus_sha256": "4056bc655ad04816545472cfdc9c877b727e221a141c413de4bd606d4e36da6c",
  "backend": "ckf-transposed",
  "repetition": 2,
  "phase": "capacity",
  "replay_window_ms": 12000.0,
  "nominal_offered_mixed_ops_s": 218067.58333333334,
  "nominal_offered_block_ops_s": 6631394.916666667,
  "actual_issue_mixed_ops_s": 218039.75857111288,
  "achieved_mixed_ops_s": 217971.29248048135,
  "achieved_block_ops_s": 6628466.729623166,
  "achieved_over_offered": 0.9995584357318034,
  "total_elapsed_ms": 12005.301112,
  "generator_limited": false,
  "kept_up": true,
  "issue_lag": {
    "p50_us": 787.441,
    "p99_us": 2145.935,
    "max_us": 2795.944
  },
  "query_queue_wait": {
    "p50_us": 473.339,
    "p99_us": 2110.29,
    "max_us": 3267.539
  },
  "lookup_service": {
    "p50_us": 24.737,
    "p99_us": 370.424,
    "max_us": 1527.241
  },
  "scheduled_to_completion": {
    "p50_us": 1375.686,
    "p99_us": 3441.244,
    "max_us": 4450.81
  },
  "update_scheduled_to_enqueue": {
    "p50_us": 786.269,
    "p99_us": 2175.803,
    "max_us": 2795.994
  },
  "update_enqueue_to_applied": {
    "p50_us": 150.125,
    "p99_us": 1473.229,
    "max_us": 9186.153
  },
  "update_scheduled_to_applied": {
    "p50_us": 999.726,
    "p99_us": 2946.749,
    "max_us": 9316.261
  },
  "query_queue": {
    "at_stop": 0,
    "maximum_depth": 712,
    "drain_ms": 3.7697529999999997
  },
  "update_queue": {
    "at_stop": 0,
    "maximum_depth": 766,
    "drain_ms": 0.048132
  },
  "crtc_raw_events": 0,
  "crtc_raw_blocks": 0,
  "ckf_frames": 2144651,
  "ckf_dirty_buckets": 48795147,
  "ckf_bytes": 714220824,
  "ckf_apply_mib_s": 116.80502427035233,
  "ckf_full_apply_mib_s": 0.0,
  "ckf_delta_apply_mib_s": 116.80502427035233,
  "full_publications": 0,
  "delta_publications": 2144651,
  "unchanged_publications": 0,
  "generation_conflicts": 875888,
  "native_fallbacks": 875888,
  "repeated_fallbacks": 0,
  "errors": {
    "insertion": 0,
    "removal": 0,
    "decode": 0,
    "application": 0,
    "epoch": 0,
    "desynchronization": 0
  },
  "accuracy": {
    "checked_results": 66048,
    "inflated": 5,
    "maximum_inflation": 1,
    "under_reported": 0,
    "full_map_mismatches": 0,
    "wrong_best_dc": 4
  },
  "rss_bytes": 0,
  "pss_bytes": null,
  "uss_bytes": null
}
