{
  "schema_version": 1,
  "measured_code_sha": "7d29b240c6632d78bf06b1e44ac0773f133a5e3b",
  "corpus_sha256": "4056bc655ad04816545472cfdc9c877b727e221a141c413de4bd606d4e36da6c",
  "backend": "ckf-transposed",
  "repetition": 3,
  "phase": "capacity",
  "replay_window_ms": 1500.0,
  "nominal_offered_mixed_ops_s": 1744540.6666666667,
  "nominal_offered_block_ops_s": 53051159.333333336,
  "actual_issue_mixed_ops_s": 1743664.1917742582,
  "achieved_mixed_ops_s": 1459145.7290143734,
  "achieved_block_ops_s": 44372352.01194947,
  "achieved_over_offered": 0.8364068301155719,
  "total_elapsed_ms": 1793.385642,
  "generator_limited": false,
  "kept_up": false,
  "issue_lag": {
    "p50_us": 742.552,
    "p99_us": 2404.919,
    "max_us": 3509.712
  },
  "query_queue_wait": {
    "p50_us": 411877.029,
    "p99_us": 672604.511,
    "max_us": 691428.568
  },
  "lookup_service": {
    "p50_us": 23.675,
    "p99_us": 335.456,
    "max_us": 1487.373
  },
  "scheduled_to_completion": {
    "p50_us": 412675.358,
    "p99_us": 673602.226,
    "max_us": 692027.792
  },
  "update_scheduled_to_enqueue": {
    "p50_us": 761.116,
    "p99_us": 2437.004,
    "max_us": 3509.762
  },
  "update_enqueue_to_applied": {
    "p50_us": 24554.854,
    "p99_us": 111220.64,
    "max_us": 121179.071
  },
  "update_scheduled_to_applied": {
    "p50_us": 25304.056,
    "p99_us": 111990.008,
    "max_us": 122681.349
  },
  "query_queue": {
    "at_stop": 210718,
    "maximum_depth": 211511,
    "drain_ms": 292.631749
  },
  "update_queue": {
    "at_stop": 127598,
    "maximum_depth": 21100,
    "drain_ms": 111.424948
  },
  "crtc_raw_events": 0,
  "crtc_raw_blocks": 0,
  "ckf_frames": 2144651,
  "ckf_dirty_buckets": 48795147,
  "ckf_bytes": 714220824,
  "ckf_apply_mib_s": 115.93650753388177,
  "ckf_full_apply_mib_s": 0.0,
  "ckf_delta_apply_mib_s": 115.93650753388177,
  "full_publications": 0,
  "delta_publications": 2144651,
  "unchanged_publications": 0,
  "generation_conflicts": 1364221,
  "native_fallbacks": 1364221,
  "repeated_fallbacks": 0,
  "errors": {
    "insertion": 0,
    "removal": 0,
    "decode": 0,
    "application": 0,
    "epoch": 0,
    "desynchronization": 0
  },
  "accuracy": {
    "checked_results": 66048,
    "inflated": 5,
    "maximum_inflation": 1,
    "under_reported": 0,
    "full_map_mismatches": 0,
    "wrong_best_dc": 4
  },
  "rss_bytes": 0,
  "pss_bytes": null,
  "uss_bytes": null
}
