{
  "schema_version": 1,
  "measured_code_sha": "7d29b240c6632d78bf06b1e44ac0773f133a5e3b",
  "corpus_sha256": "4056bc655ad04816545472cfdc9c877b727e221a141c413de4bd606d4e36da6c",
  "backend": "ckf-native",
  "repetition": 1,
  "phase": "capacity",
  "replay_window_ms": 750.0,
  "nominal_offered_mixed_ops_s": 3489081.3333333335,
  "nominal_offered_block_ops_s": 106102318.66666667,
  "actual_issue_mixed_ops_s": 2261804.9348605983,
  "achieved_mixed_ops_s": 1055624.942662305,
  "achieved_block_ops_s": 32101359.4578012,
  "achieved_over_offered": 0.302550970244595,
  "total_elapsed_ms": 2478.921153,
  "generator_limited": true,
  "kept_up": false,
  "issue_lag": {
    "p50_us": 195556.914,
    "p99_us": 405456.108,
    "max_us": 409523.338
  },
  "query_queue_wait": {
    "p50_us": 3696.953,
    "p99_us": 25279.364,
    "max_us": 30427.675
  },
  "lookup_service": {
    "p50_us": 24.136,
    "p99_us": 154.383,
    "max_us": 1667.498
  },
  "scheduled_to_completion": {
    "p50_us": 196526.632,
    "p99_us": 405469.213,
    "max_us": 410555.437
  },
  "update_scheduled_to_enqueue": {
    "p50_us": 195724.115,
    "p99_us": 405522.404,
    "max_us": 409523.539
  },
  "update_enqueue_to_applied": {
    "p50_us": 738912.07,
    "p99_us": 1359441.003,
    "max_us": 1373183.961
  },
  "update_scheduled_to_applied": {
    "p50_us": 929956.971,
    "p99_us": 1735984.434,
    "max_us": 1747257.171
  },
  "query_queue": {
    "at_stop": 9,
    "maximum_depth": 8897,
    "drain_ms": 3.6330120000000004
  },
  "update_queue": {
    "at_stop": 1227992,
    "maximum_depth": 162797,
    "drain_ms": 1321.943557
  },
  "crtc_raw_events": 0,
  "crtc_raw_blocks": 0,
  "ckf_frames": 2144651,
  "ckf_dirty_buckets": 48795147,
  "ckf_bytes": 714220824,
  "ckf_apply_mib_s": 166.51344551256682,
  "ckf_full_apply_mib_s": 0.0,
  "ckf_delta_apply_mib_s": 166.51344551256682,
  "full_publications": 0,
  "delta_publications": 2144651,
  "unchanged_publications": 0,
  "generation_conflicts": 0,
  "native_fallbacks": 0,
  "repeated_fallbacks": 0,
  "errors": {
    "insertion": 0,
    "removal": 0,
    "decode": 0,
    "application": 0,
    "epoch": 0,
    "desynchronization": 0
  },
  "accuracy": {
    "checked_results": 66048,
    "inflated": 5,
    "maximum_inflation": 1,
    "under_reported": 0,
    "full_map_mismatches": 0,
    "wrong_best_dc": 4
  },
  "rss_bytes": 0,
  "pss_bytes": null,
  "uss_bytes": null
}
