{
  "schema_version": 1,
  "measured_code_sha": "7d29b240c6632d78bf06b1e44ac0773f133a5e3b",
  "corpus_sha256": "4056bc655ad04816545472cfdc9c877b727e221a141c413de4bd606d4e36da6c",
  "backend": "ckf-native",
  "repetition": 2,
  "phase": "capacity",
  "replay_window_ms": 12000.0,
  "nominal_offered_mixed_ops_s": 218067.58333333334,
  "nominal_offered_block_ops_s": 6631394.916666667,
  "actual_issue_mixed_ops_s": 218052.3175814346,
  "achieved_mixed_ops_s": 217986.28750910418,
  "achieved_block_ops_s": 6628922.725672944,
  "achieved_over_offered": 0.9996271989491217,
  "total_elapsed_ms": 12004.475280999999,
  "generator_limited": false,
  "kept_up": true,
  "issue_lag": {
    "p50_us": 764.939,
    "p99_us": 2150.462,
    "max_us": 2845.053
  },
  "query_queue_wait": {
    "p50_us": 316.492,
    "p99_us": 1754.403,
    "max_us": 3230.197
  },
  "lookup_service": {
    "p50_us": 22.814,
    "p99_us": 245.537,
    "max_us": 1161.045
  },
  "scheduled_to_completion": {
    "p50_us": 1179.262,
    "p99_us": 3037.835,
    "max_us": 4253.528
  },
  "update_scheduled_to_enqueue": {
    "p50_us": 767.338,
    "p99_us": 2185.992,
    "max_us": 2845.323
  },
  "update_enqueue_to_applied": {
    "p50_us": 166.396,
    "p99_us": 1360.535,
    "max_us": 9283.538
  },
  "update_scheduled_to_applied": {
    "p50_us": 1002.571,
    "p99_us": 3018.739,
    "max_us": 9883.661
  },
  "query_queue": {
    "at_stop": 0,
    "maximum_depth": 763,
    "drain_ms": 3.6353269999999998
  },
  "update_queue": {
    "at_stop": 0,
    "maximum_depth": 717,
    "drain_ms": 0.04715
  },
  "crtc_raw_events": 0,
  "crtc_raw_blocks": 0,
  "ckf_frames": 2144651,
  "ckf_dirty_buckets": 48795147,
  "ckf_bytes": 714220824,
  "ckf_apply_mib_s": 135.69827379667015,
  "ckf_full_apply_mib_s": 0.0,
  "ckf_delta_apply_mib_s": 135.69827379667015,
  "full_publications": 0,
  "delta_publications": 2144651,
  "unchanged_publications": 0,
  "generation_conflicts": 0,
  "native_fallbacks": 0,
  "repeated_fallbacks": 0,
  "errors": {
    "insertion": 0,
    "removal": 0,
    "decode": 0,
    "application": 0,
    "epoch": 0,
    "desynchronization": 0
  },
  "accuracy": {
    "checked_results": 66048,
    "inflated": 5,
    "maximum_inflation": 1,
    "under_reported": 0,
    "full_map_mismatches": 0,
    "wrong_best_dc": 4
  },
  "rss_bytes": 0,
  "pss_bytes": null,
  "uss_bytes": null
}
