{
  "schema_version": 1,
  "measured_code_sha": "7d29b240c6632d78bf06b1e44ac0773f133a5e3b",
  "corpus_sha256": "4056bc655ad04816545472cfdc9c877b727e221a141c413de4bd606d4e36da6c",
  "backend": "ckf-native",
  "repetition": 1,
  "phase": "capacity",
  "replay_window_ms": 3000.0,
  "nominal_offered_mixed_ops_s": 872270.3333333334,
  "nominal_offered_block_ops_s": 26525579.666666668,
  "actual_issue_mixed_ops_s": 872178.7342154036,
  "achieved_mixed_ops_s": 870580.83975608,
  "achieved_block_ops_s": 26474202.4791513,
  "achieved_over_offered": 0.9980631078317233,
  "total_elapsed_ms": 3005.8219529999997,
  "generator_limited": false,
  "kept_up": true,
  "issue_lag": {
    "p50_us": 757.664,
    "p99_us": 2114.071,
    "max_us": 2928.843
  },
  "query_queue_wait": {
    "p50_us": 334.515,
    "p99_us": 1860.882,
    "max_us": 9405.032
  },
  "lookup_service": {
    "p50_us": 25.098,
    "p99_us": 210.73,
    "max_us": 8774.024
  },
  "scheduled_to_completion": {
    "p50_us": 1143.222,
    "p99_us": 3133.353,
    "max_us": 9947.59
  },
  "update_scheduled_to_enqueue": {
    "p50_us": 767.205,
    "p99_us": 2147.419,
    "max_us": 2928.893
  },
  "update_enqueue_to_applied": {
    "p50_us": 689.458,
    "p99_us": 14323.177,
    "max_us": 25108.118
  },
  "update_scheduled_to_applied": {
    "p50_us": 1518.577,
    "p99_us": 15185.986,
    "max_us": 25453.827
  },
  "query_queue": {
    "at_stop": 0,
    "maximum_depth": 1416,
    "drain_ms": 5.5070939999999995
  },
  "update_queue": {
    "at_stop": 0,
    "maximum_depth": 3039,
    "drain_ms": 0.046298
  },
  "crtc_raw_events": 0,
  "crtc_raw_blocks": 0,
  "ckf_frames": 2144651,
  "ckf_dirty_buckets": 48795147,
  "ckf_bytes": 714220824,
  "ckf_apply_mib_s": 143.95978378479447,
  "ckf_full_apply_mib_s": 0.0,
  "ckf_delta_apply_mib_s": 143.95978378479447,
  "full_publications": 0,
  "delta_publications": 2144651,
  "unchanged_publications": 0,
  "generation_conflicts": 0,
  "native_fallbacks": 0,
  "repeated_fallbacks": 0,
  "errors": {
    "insertion": 0,
    "removal": 0,
    "decode": 0,
    "application": 0,
    "epoch": 0,
    "desynchronization": 0
  },
  "accuracy": {
    "checked_results": 66048,
    "inflated": 5,
    "maximum_inflation": 1,
    "under_reported": 0,
    "full_map_mismatches": 0,
    "wrong_best_dc": 4
  },
  "rss_bytes": 0,
  "pss_bytes": null,
  "uss_bytes": null
}
