{
  "schema_version": 1,
  "measured_code_sha": "7d29b240c6632d78bf06b1e44ac0773f133a5e3b",
  "corpus_sha256": "4056bc655ad04816545472cfdc9c877b727e221a141c413de4bd606d4e36da6c",
  "backend": "ckf-transposed",
  "repetition": 2,
  "phase": "capacity",
  "replay_window_ms": 750.0,
  "nominal_offered_mixed_ops_s": 3489081.3333333335,
  "nominal_offered_block_ops_s": 106102318.66666667,
  "actual_issue_mixed_ops_s": 2944975.978475044,
  "achieved_mixed_ops_s": 1472300.555747407,
  "achieved_block_ops_s": 44772387.86227448,
  "achieved_over_offered": 0.4219736988305824,
  "total_elapsed_ms": 1777.361959,
  "generator_limited": true,
  "kept_up": false,
  "issue_lag": {
    "p50_us": 75660.654,
    "p99_us": 140677.361,
    "max_us": 142131.302
  },
  "query_queue_wait": {
    "p50_us": 899654.034,
    "p99_us": 1052442.236,
    "max_us": 1059416.183
  },
  "lookup_service": {
    "p50_us": 23.024,
    "p99_us": 331.109,
    "max_us": 9110.418
  },
  "scheduled_to_completion": {
    "p50_us": 1031610.904,
    "p99_us": 1131293.184,
    "max_us": 1136278.565
  },
  "update_scheduled_to_enqueue": {
    "p50_us": 75689.432,
    "p99_us": 140685.536,
    "max_us": 142131.442
  },
  "update_enqueue_to_applied": {
    "p50_us": 289517.978,
    "p99_us": 658350.849,
    "max_us": 704201.94
  },
  "update_scheduled_to_applied": {
    "p50_us": 364895.978,
    "p99_us": 798773.526,
    "max_us": 844327.049
  },
  "query_queue": {
    "at_stop": 338422,
    "maximum_depth": 338429,
    "drain_ms": 888.7943809999999
  },
  "update_queue": {
    "at_stop": 894328,
    "maximum_depth": 122626,
    "drain_ms": 704.135724
  },
  "crtc_raw_events": 0,
  "crtc_raw_blocks": 0,
  "ckf_frames": 2144651,
  "ckf_dirty_buckets": 48795147,
  "ckf_bytes": 714220824,
  "ckf_apply_mib_s": 117.06630300874183,
  "ckf_full_apply_mib_s": 0.0,
  "ckf_delta_apply_mib_s": 117.06630300874183,
  "full_publications": 0,
  "delta_publications": 2144651,
  "unchanged_publications": 0,
  "generation_conflicts": 1334122,
  "native_fallbacks": 1334122,
  "repeated_fallbacks": 0,
  "errors": {
    "insertion": 0,
    "removal": 0,
    "decode": 0,
    "application": 0,
    "epoch": 0,
    "desynchronization": 0
  },
  "accuracy": {
    "checked_results": 66048,
    "inflated": 5,
    "maximum_inflation": 1,
    "under_reported": 0,
    "full_map_mismatches": 0,
    "wrong_best_dc": 4
  },
  "rss_bytes": 0,
  "pss_bytes": null,
  "uss_bytes": null
}
