{
  "schema_version": 1,
  "measured_code_sha": "7d29b240c6632d78bf06b1e44ac0773f133a5e3b",
  "corpus_sha256": "4056bc655ad04816545472cfdc9c877b727e221a141c413de4bd606d4e36da6c",
  "backend": "ckf-transposed",
  "repetition": 3,
  "phase": "capacity",
  "replay_window_ms": 750.0,
  "nominal_offered_mixed_ops_s": 3489081.3333333335,
  "nominal_offered_block_ops_s": 106102318.66666667,
  "actual_issue_mixed_ops_s": 2551558.282834353,
  "achieved_mixed_ops_s": 1340093.728858648,
  "achieved_block_ops_s": 40752002.684535265,
  "achieved_over_offered": 0.38408211240474993,
  "total_elapsed_ms": 1952.7074440000001,
  "generator_limited": true,
  "kept_up": false,
  "issue_lag": {
    "p50_us": 124487.156,
    "p99_us": 275334.713,
    "max_us": 278496.525
  },
  "query_queue_wait": {
    "p50_us": 637691.229,
    "p99_us": 983057.125,
    "max_us": 992967.572
  },
  "lookup_service": {
    "p50_us": 43.363,
    "p99_us": 296.072,
    "max_us": 9066.022
  },
  "scheduled_to_completion": {
    "p50_us": 762613.234,
    "p99_us": 1232839.462,
    "max_us": 1236384.974
  },
  "update_scheduled_to_enqueue": {
    "p50_us": 124601.215,
    "p99_us": 275384.588,
    "max_us": 278497.276
  },
  "update_enqueue_to_applied": {
    "p50_us": 420387.98,
    "p99_us": 858846.742,
    "max_us": 888886.655
  },
  "update_scheduled_to_applied": {
    "p50_us": 547990.638,
    "p99_us": 1129415.52,
    "max_us": 1166654.964
  },
  "query_queue": {
    "at_stop": 267735,
    "maximum_depth": 267782,
    "drain_ms": 927.133921
  },
  "update_queue": {
    "at_stop": 979392,
    "maximum_depth": 127094,
    "drain_ms": 888.56241
  },
  "crtc_raw_events": 0,
  "crtc_raw_blocks": 0,
  "ckf_frames": 2144651,
  "ckf_dirty_buckets": 48795147,
  "ckf_bytes": 714220824,
  "ckf_apply_mib_s": 116.44814301251627,
  "ckf_full_apply_mib_s": 0.0,
  "ckf_delta_apply_mib_s": 116.44814301251627,
  "full_publications": 0,
  "delta_publications": 2144651,
  "unchanged_publications": 0,
  "generation_conflicts": 1927194,
  "native_fallbacks": 1927194,
  "repeated_fallbacks": 0,
  "errors": {
    "insertion": 0,
    "removal": 0,
    "decode": 0,
    "application": 0,
    "epoch": 0,
    "desynchronization": 0
  },
  "accuracy": {
    "checked_results": 66048,
    "inflated": 5,
    "maximum_inflation": 1,
    "under_reported": 0,
    "full_map_mismatches": 0,
    "wrong_best_dc": 4
  },
  "rss_bytes": 0,
  "pss_bytes": null,
  "uss_bytes": null
}
