{
  "schema_version": 1,
  "measured_code_sha": "7d29b240c6632d78bf06b1e44ac0773f133a5e3b",
  "corpus_sha256": "4056bc655ad04816545472cfdc9c877b727e221a141c413de4bd606d4e36da6c",
  "backend": "ckf-transposed",
  "repetition": 5,
  "phase": "capacity",
  "replay_window_ms": 1500.0,
  "nominal_offered_mixed_ops_s": 1744540.6666666667,
  "nominal_offered_block_ops_s": 53051159.333333336,
  "actual_issue_mixed_ops_s": 1743666.6119294383,
  "achieved_mixed_ops_s": 1463481.2383531344,
  "achieved_block_ops_s": 44504194.0498661,
  "achieved_over_offered": 0.8388920168593381,
  "total_elapsed_ms": 1788.072803,
  "generator_limited": false,
  "kept_up": false,
  "issue_lag": {
    "p50_us": 785.1,
    "p99_us": 2494.699,
    "max_us": 3549.536
  },
  "query_queue_wait": {
    "p50_us": 421528.891,
    "p99_us": 692377.855,
    "max_us": 706061.875
  },
  "lookup_service": {
    "p50_us": 22.433,
    "p99_us": 340.547,
    "max_us": 1783.34
  },
  "scheduled_to_completion": {
    "p50_us": 422274.462,
    "p99_us": 693323.932,
    "max_us": 706684.442
  },
  "update_scheduled_to_enqueue": {
    "p50_us": 804.528,
    "p99_us": 2557.386,
    "max_us": 3549.576
  },
  "update_enqueue_to_applied": {
    "p50_us": 13245.326,
    "p99_us": 108325.462,
    "max_us": 119469.294
  },
  "update_scheduled_to_applied": {
    "p50_us": 14121.396,
    "p99_us": 109102.25,
    "max_us": 119609.101
  },
  "query_queue": {
    "at_stop": 219069,
    "maximum_depth": 220130,
    "drain_ms": 287.32095200000003
  },
  "update_queue": {
    "at_stop": 98832,
    "maximum_depth": 21465,
    "drain_ms": 101.818855
  },
  "crtc_raw_events": 0,
  "crtc_raw_blocks": 0,
  "ckf_frames": 2144651,
  "ckf_dirty_buckets": 48795147,
  "ckf_bytes": 714220824,
  "ckf_apply_mib_s": 115.71985882797962,
  "ckf_full_apply_mib_s": 0.0,
  "ckf_delta_apply_mib_s": 115.71985882797962,
  "full_publications": 0,
  "delta_publications": 2144651,
  "unchanged_publications": 0,
  "generation_conflicts": 1298268,
  "native_fallbacks": 1298268,
  "repeated_fallbacks": 0,
  "errors": {
    "insertion": 0,
    "removal": 0,
    "decode": 0,
    "application": 0,
    "epoch": 0,
    "desynchronization": 0
  },
  "accuracy": {
    "checked_results": 66048,
    "inflated": 5,
    "maximum_inflation": 1,
    "under_reported": 0,
    "full_map_mismatches": 0,
    "wrong_best_dc": 4
  },
  "rss_bytes": 0,
  "pss_bytes": null,
  "uss_bytes": null
}
