{
  "schema_version": 1,
  "measured_code_sha": "7d29b240c6632d78bf06b1e44ac0773f133a5e3b",
  "corpus_sha256": "4056bc655ad04816545472cfdc9c877b727e221a141c413de4bd606d4e36da6c",
  "backend": "ckf-transposed",
  "repetition": 1,
  "phase": "capacity",
  "replay_window_ms": 1500.0,
  "nominal_offered_mixed_ops_s": 1744540.6666666667,
  "nominal_offered_block_ops_s": 53051159.333333336,
  "actual_issue_mixed_ops_s": 1743886.3349367988,
  "achieved_mixed_ops_s": 1466709.7114936954,
  "achieved_block_ops_s": 44602371.32154332,
  "achieved_over_offered": 0.8407426318677745,
  "total_elapsed_ms": 1784.136956,
  "generator_limited": false,
  "kept_up": false,
  "issue_lag": {
    "p50_us": 764.067,
    "p99_us": 2909.703,
    "max_us": 4039.174
  },
  "query_queue_wait": {
    "p50_us": 410723.261,
    "p99_us": 671056.433,
    "max_us": 679748.126
  },
  "lookup_service": {
    "p50_us": 22.864,
    "p99_us": 339.274,
    "max_us": 1861.384
  },
  "scheduled_to_completion": {
    "p50_us": 411596.412,
    "p99_us": 672366.344,
    "max_us": 680199.827
  },
  "update_scheduled_to_enqueue": {
    "p50_us": 781.887,
    "p99_us": 2934.204,
    "max_us": 4039.224
  },
  "update_enqueue_to_applied": {
    "p50_us": 19040.904,
    "p99_us": 128907.066,
    "max_us": 138645.176
  },
  "update_scheduled_to_applied": {
    "p50_us": 20029.739,
    "p99_us": 129665.443,
    "max_us": 139226.622
  },
  "query_queue": {
    "at_stop": 206163,
    "maximum_depth": 206946,
    "drain_ms": 283.574565
  },
  "update_queue": {
    "at_stop": 131622,
    "maximum_depth": 24183,
    "drain_ms": 111.599172
  },
  "crtc_raw_events": 0,
  "crtc_raw_blocks": 0,
  "ckf_frames": 2144651,
  "ckf_dirty_buckets": 48795147,
  "ckf_bytes": 714220824,
  "ckf_apply_mib_s": 116.5790153586956,
  "ckf_full_apply_mib_s": 0.0,
  "ckf_delta_apply_mib_s": 116.5790153586956,
  "full_publications": 0,
  "delta_publications": 2144651,
  "unchanged_publications": 0,
  "generation_conflicts": 1363157,
  "native_fallbacks": 1363157,
  "repeated_fallbacks": 0,
  "errors": {
    "insertion": 0,
    "removal": 0,
    "decode": 0,
    "application": 0,
    "epoch": 0,
    "desynchronization": 0
  },
  "accuracy": {
    "checked_results": 66048,
    "inflated": 5,
    "maximum_inflation": 1,
    "under_reported": 0,
    "full_map_mismatches": 0,
    "wrong_best_dc": 4
  },
  "rss_bytes": 0,
  "pss_bytes": null,
  "uss_bytes": null
}
