{
  "schema_version": 1,
  "measured_code_sha": "7d29b240c6632d78bf06b1e44ac0773f133a5e3b",
  "corpus_sha256": "4056bc655ad04816545472cfdc9c877b727e221a141c413de4bd606d4e36da6c",
  "backend": "ckf-transposed",
  "repetition": 3,
  "phase": "iso",
  "replay_window_ms": 12000.0,
  "nominal_offered_mixed_ops_s": 218067.58333333334,
  "nominal_offered_block_ops_s": 6631394.916666667,
  "actual_issue_mixed_ops_s": 218046.5357555005,
  "achieved_mixed_ops_s": 217980.40891700482,
  "achieved_block_ops_s": 6628743.958773394,
  "achieved_over_offered": 0.9996002412876045,
  "total_elapsed_ms": 12004.799023,
  "generator_limited": false,
  "kept_up": true,
  "issue_lag": {
    "p50_us": 758.147,
    "p99_us": 2168.953,
    "max_us": 3049.369
  },
  "query_queue_wait": {
    "p50_us": 520.97,
    "p99_us": 2124.136,
    "max_us": 3264.574
  },
  "lookup_service": {
    "p50_us": 25.759,
    "p99_us": 385.623,
    "max_us": 1720.289
  },
  "scheduled_to_completion": {
    "p50_us": 1374.757,
    "p99_us": 3479.75,
    "max_us": 4766.97
  },
  "update_scheduled_to_enqueue": {
    "p50_us": 762.263,
    "p99_us": 2206.452,
    "max_us": 3049.419
  },
  "update_enqueue_to_applied": {
    "p50_us": 139.706,
    "p99_us": 1488.669,
    "max_us": 8818.017
  },
  "update_scheduled_to_applied": {
    "p50_us": 969.364,
    "p99_us": 2925.653,
    "max_us": 9350.324
  },
  "query_queue": {
    "at_stop": 0,
    "maximum_depth": 703,
    "drain_ms": 3.6408690000000004
  },
  "update_queue": {
    "at_stop": 0,
    "maximum_depth": 717,
    "drain_ms": 0.069882
  },
  "crtc_raw_events": 0,
  "crtc_raw_blocks": 0,
  "ckf_frames": 2144651,
  "ckf_dirty_buckets": 48795147,
  "ckf_bytes": 714220824,
  "ckf_apply_mib_s": 113.65961210431057,
  "ckf_full_apply_mib_s": 0.0,
  "ckf_delta_apply_mib_s": 113.65961210431057,
  "full_publications": 0,
  "delta_publications": 2144651,
  "unchanged_publications": 0,
  "generation_conflicts": 779343,
  "native_fallbacks": 779343,
  "repeated_fallbacks": 0,
  "errors": {
    "insertion": 0,
    "removal": 0,
    "decode": 0,
    "application": 0,
    "epoch": 0,
    "desynchronization": 0
  },
  "accuracy": {
    "checked_results": 66048,
    "inflated": 5,
    "maximum_inflation": 1,
    "under_reported": 0,
    "full_map_mismatches": 0,
    "wrong_best_dc": 4
  },
  "rss_bytes": 0,
  "pss_bytes": null,
  "uss_bytes": null
}
