{
  "schema_version": 1,
  "measured_code_sha": "7d29b240c6632d78bf06b1e44ac0773f133a5e3b",
  "corpus_sha256": "4056bc655ad04816545472cfdc9c877b727e221a141c413de4bd606d4e36da6c",
  "backend": "ckf-transposed",
  "repetition": 5,
  "phase": "iso",
  "replay_window_ms": 12000.0,
  "nominal_offered_mixed_ops_s": 218067.58333333334,
  "nominal_offered_block_ops_s": 6631394.916666667,
  "actual_issue_mixed_ops_s": 218052.27706288977,
  "achieved_mixed_ops_s": 217983.28058839022,
  "achieved_block_ops_s": 6628831.285769624,
  "achieved_over_offered": 0.9996134100096196,
  "total_elapsed_ms": 12004.640873999999,
  "generator_limited": false,
  "kept_up": true,
  "issue_lag": {
    "p50_us": 781.564,
    "p99_us": 2142.52,
    "max_us": 2936.28
  },
  "query_queue_wait": {
    "p50_us": 475.544,
    "p99_us": 2119.168,
    "max_us": 3321.262
  },
  "lookup_service": {
    "p50_us": 25.879,
    "p99_us": 375.804,
    "max_us": 1590.844
  },
  "scheduled_to_completion": {
    "p50_us": 1356.446,
    "p99_us": 3404.306,
    "max_us": 4440.674
  },
  "update_scheduled_to_enqueue": {
    "p50_us": 783.476,
    "p99_us": 2182.314,
    "max_us": 2936.55
  },
  "update_enqueue_to_applied": {
    "p50_us": 153.441,
    "p99_us": 1492.717,
    "max_us": 8922.266
  },
  "update_scheduled_to_applied": {
    "p50_us": 998.605,
    "p99_us": 2962.938,
    "max_us": 9257.783
  },
  "query_queue": {
    "at_stop": 0,
    "maximum_depth": 733,
    "drain_ms": 3.798619
  },
  "update_queue": {
    "at_stop": 0,
    "maximum_depth": 707,
    "drain_ms": 0.066246
  },
  "crtc_raw_events": 0,
  "crtc_raw_blocks": 0,
  "ckf_frames": 2144651,
  "ckf_dirty_buckets": 48795147,
  "ckf_bytes": 714220824,
  "ckf_apply_mib_s": 115.19093556503815,
  "ckf_full_apply_mib_s": 0.0,
  "ckf_delta_apply_mib_s": 115.19093556503815,
  "full_publications": 0,
  "delta_publications": 2144651,
  "unchanged_publications": 0,
  "generation_conflicts": 868713,
  "native_fallbacks": 868713,
  "repeated_fallbacks": 0,
  "errors": {
    "insertion": 0,
    "removal": 0,
    "decode": 0,
    "application": 0,
    "epoch": 0,
    "desynchronization": 0
  },
  "accuracy": {
    "checked_results": 66048,
    "inflated": 5,
    "maximum_inflation": 1,
    "under_reported": 0,
    "full_map_mismatches": 0,
    "wrong_best_dc": 4
  },
  "rss_bytes": 0,
  "pss_bytes": null,
  "uss_bytes": null
}
