{
  "schema_version": "1.3",
  "aiperf_version": "0.10.0",
  "benchmark_id": "abf4f9e6d17b",
  "request_throughput": {
    "unit": "requests/sec",
    "avg": 255.19058094502662
  },
  "request_latency": {
    "unit": "ms",
    "avg": 2670.8903285895385,
    "p1": 707.7563764500001,
    "p5": 1905.58562605,
    "p10": 2071.8698879999997,
    "p25": 2208.96422675,
    "p50": 2338.7827425,
    "p75": 2483.4554835,
    "p90": 3097.0252295,
    "p95": 5221.114382149997,
    "p99": 11864.512059030005,
    "min": 14.182198,
    "max": 14491.561263,
    "std": 1557.261174788491,
    "count": 16384,
    "sum": 43759867.143611
  },
  "request_count": {
    "unit": "requests",
    "avg": 16384.0
  },
  "time_to_first_token": {
    "unit": "ms",
    "avg": 1899.0246535075682,
    "p1": 255.09656440000003,
    "p5": 748.1508028500001,
    "p10": 1397.9533150000007,
    "p25": 1785.1859754999998,
    "p50": 1892.5455889999998,
    "p75": 1978.8616685,
    "p90": 2050.4362035,
    "p95": 2154.4172597499996,
    "p99": 5789.9005669100015,
    "min": 2.591639,
    "max": 14016.242672999999,
    "std": 921.9071049377486,
    "count": 16384,
    "sum": 31113619.923068
  },
  "time_to_second_token": {
    "unit": "ms",
    "avg": 0.03979601867675781,
    "p1": 0.0,
    "p5": 0.0,
    "p10": 0.0,
    "p25": 0.0,
    "p50": 0.0,
    "p75": 0.0,
    "p90": 0.0,
    "p95": 0.0,
    "p99": 0.0,
    "min": 0.0,
    "max": 371.811605,
    "std": 3.297991883379474,
    "count": 16384,
    "sum": 652.01797
  },
  "inter_token_latency": {
    "unit": "ms",
    "avg": 0.7360615623597286,
    "p1": 0.19204306257396,
    "p5": 0.2906199780656018,
    "p10": 0.3113549352141061,
    "p25": 0.35418798918086253,
    "p50": 0.41939031386425835,
    "p75": 0.4890160868021346,
    "p90": 0.8603731358796782,
    "p95": 2.593401801895924,
    "p99": 9.274202168602587,
    "min": 0.0015277750238322212,
    "max": 13.261398810394608,
    "std": 1.3341697980257157,
    "count": 16384,
    "sum": 12059.632637701747
  },
  "output_token_throughput": {
    "unit": "tokens/sec",
    "avg": 267861.5471478411
  },
  "output_token_throughput_per_user": {
    "unit": "tokens/sec/user",
    "avg": 2538.1981432416414,
    "p1": 107.82605833570516,
    "p5": 385.5942182636775,
    "p10": 1162.287344210704,
    "p25": 2044.9225026425572,
    "p50": 2384.4136765774538,
    "p75": 2823.359432142949,
    "p90": 3211.7685885527967,
    "p95": 3440.9196776631684,
    "p99": 5207.165873933403,
    "min": 75.40682655710312,
    "max": 654546.6344197934,
    "std": 9189.874098200868,
    "count": 16384,
    "sum": 41585838.378871195
  },
  "output_sequence_length": {
    "unit": "tokens",
    "avg": 1049.6529541015625,
    "p1": 1037.0,
    "p5": 1041.0,
    "p10": 1042.0,
    "p25": 1046.0,
    "p50": 1049.0,
    "p75": 1053.0,
    "p90": 1057.0,
    "p95": 1059.0,
    "p99": 1064.0,
    "min": 1030.0,
    "max": 1074.0,
    "std": 5.705161756498689,
    "count": 16384,
    "sum": 17197514.0
  },
  "input_sequence_length": {
    "unit": "tokens",
    "avg": 1024.0012817382812,
    "p1": 1024.0,
    "p5": 1024.0,
    "p10": 1024.0,
    "p25": 1024.0,
    "p50": 1024.0,
    "p75": 1024.0,
    "p90": 1024.0,
    "p95": 1024.0,
    "p99": 1024.0,
    "min": 1024.0,
    "max": 1025.0,
    "std": 0.03577842126517572,
    "count": 16384,
    "sum": 16777237.0
  },
  "output_token_count": {
    "unit": "tokens",
    "avg": 1049.6529541015625,
    "p1": 1037.0,
    "p5": 1041.0,
    "p10": 1042.0,
    "p25": 1046.0,
    "p50": 1049.0,
    "p75": 1053.0,
    "p90": 1057.0,
    "p95": 1059.0,
    "p99": 1064.0,
    "min": 1030.0,
    "max": 1074.0,
    "std": 5.705161756498689,
    "count": 16384,
    "sum": 17197514.0
  },
  "inter_chunk_latency": {
    "unit": "ms",
    "avg": 0.7575359740513359,
    "p1": 0.0,
    "p5": 0.0,
    "p10": 0.0,
    "p25": 0.0,
    "p50": 0.0,
    "p75": 0.0,
    "p90": 0.0,
    "p95": 0.0,
    "p99": 0.0,
    "min": 0.0,
    "max": 9244.576256999999,
    "std": 40.78554757359594,
    "count": 16693923,
    "sum": 12646247.220542999
  },
  "total_output_tokens": {
    "unit": "tokens",
    "avg": 17197514.0
  },
  "benchmark_duration": {
    "unit": "sec",
    "avg": 64.20299659700001
  },
  "total_isl": {
    "unit": "tokens",
    "avg": 16777237.0
  },
  "total_osl": {
    "unit": "tokens",
    "avg": 17197514.0
  },
  "input_config": {
    "models": {
      "items": [
        {
          "name": "Qwen/Qwen3-0.6B"
        }
      ]
    },
    "endpoint": {
      "urls": [
        "http://127.0.0.1:18100"
      ],
      "url_strategy": "round_robin",
      "type": "chat",
      "timeout": 300.0,
      "streaming": true,
      "extra": {
        "max_tokens": 1024,
        "min_tokens": 1024,
        "ignore_eos": true,
        "repetition_penalty": 1.0,
        "temperature": 0.0
      }
    },
    "datasets": [
      {
        "name": "main",
        "type": "synthetic",
        "entries": 16384,
        "random_seed": 100,
        "prompts": {
          "isl": {
            "mean": 1024.0,
            "stddev": 0.0
          },
          "osl": {
            "mean": 1024.0,
            "stddev": 0.0
          }
        }
      }
    ],
    "phases": [
      {
        "name": "warmup",
        "type": "concurrency",
        "exclude_from_results": true,
        "requests": 4096,
        "concurrency": 4096
      },
      {
        "name": "profiling",
        "type": "concurrency",
        "requests": 16384,
        "concurrency": 4096
      }
    ],
    "artifacts": {
      "dir": "/tmp/valkey-exact-bound-ab-20260709/frontends-1/run-01-valkey_ha/aiperf",
      "records": [
        "jsonl"
      ],
      "raw": false,
      "auto_plot": false,
      "plot_required": false
    },
    "tokenizer": {
      "name": "Qwen/Qwen3-0.6B"
    },
    "gpu_telemetry": {
      "enabled": false
    },
    "server_metrics": {
      "enabled": false
    },
    "otel": {},
    "mlflow": {},
    "runtime": {
      "ui": "simple"
    }
  },
  "run_info": {
    "benchmark_id": "abf4f9e6d17b",
    "random_seed": 100,
    "trial": 0,
    "cli_command": "aiperf profile --artifact-dir '/tmp/valkey-exact-bound-ab-20260709/frontends-1/run-01-valkey_ha/aiperf' --model 'Qwen/Qwen3-0.6B' --tokenizer '<redacted>' --endpoint-type 'chat' --streaming --url-strategy 'round_robin' --url 'http://127.0.0.1:18100' --synthetic-input-tokens-mean '<redacted>' --synthetic-input-tokens-stddev '<redacted>' --output-tokens-mean '<redacted>' --output-tokens-stddev '<redacted>' --extra-inputs 'max_tokens:1024' --extra-inputs 'min_tokens:1024' --extra-inputs 'ignore_eos:true' --extra-inputs 'repetition_penalty:1.0' --extra-inputs 'temperature:0.0' --concurrency 4096 --request-count 16384 --request-timeout-seconds 300 --num-dataset-entries 16384 --random-seed 100 --export-level 'records' --no-gpu-telemetry --no-server-metrics --ui 'simple' --warmup-request-count 4096"
  },
  "was_cancelled": false,
  "error_summary": [],
  "start_time": "2026-07-09T10:35:15.912252",
  "end_time": "2026-07-09T10:36:20.136197",
  "http_req_connecting": {
    "unit": "ms",
    "avg": 48.76913846569824,
    "p1": 0.0,
    "p5": 0.0,
    "p10": 0.0,
    "p25": 0.0,
    "p50": 0.0,
    "p75": 0.0,
    "p90": 0.0,
    "p95": 31.843108499999797,
    "p99": 572.16909812,
    "min": 0.0,
    "max": 11474.745546999999,
    "std": 546.4609464039255,
    "count": 16384,
    "sum": 799033.564622
  },
  "http_req_duration": {
    "unit": "ms",
    "avg": 2671.0234419555663,
    "p1": 709.5829320199999,
    "p5": 1905.6450807499998,
    "p10": 2071.8478687,
    "p25": 2208.83099775,
    "p50": 2338.774237,
    "p75": 2483.404279,
    "p90": 3104.3048184000077,
    "p95": 5221.061263349998,
    "p99": 11864.440663010004,
    "min": 14.217156,
    "max": 14491.529421,
    "std": 1557.2591690347172,
    "count": 16384,
    "sum": 43762048.073
  },
  "http_req_chunks_sent": {
    "unit": "count",
    "avg": 1.0,
    "p1": 1.0,
    "p5": 1.0,
    "p10": 1.0,
    "p25": 1.0,