{
  "schema_version": "1.0",
  "aiperf_version": "0.6.0",
  "benchmark_id": "a41d5701-329a-4a5c-8211-b745ba536333",
  "request_throughput": {
    "unit": "requests/sec",
    "avg": 17.45069212414287
  },
  "request_latency": {
    "unit": "ms",
    "avg": 1820.901471664,
    "p1": 1284.61454042,
    "p5": 1475.1698952,
    "p10": 1540.8979510999998,
    "p25": 1658.6131584999998,
    "p50": 1833.7639665,
    "p75": 1935.4475539999999,
    "p90": 2091.9154849,
    "p95": 2261.207347099993,
    "p99": 2579.59778203,
    "min": 1050.713383,
    "max": 2585.453815,
    "std": 243.43621014666
  },
  "request_count": {
    "unit": "requests",
    "avg": 1000.0
  },
  "time_to_first_token": {
    "unit": "ms",
    "avg": 588.010667598,
    "p1": 121.53781826,
    "p5": 181.22660165,
    "p10": 227.24950189999998,
    "p25": 408.85466199999996,
    "p50": 552.6234274999999,
    "p75": 818.706683,
    "p90": 964.1520136000003,
    "p95": 1048.1055755499997,
    "p99": 1302.9317168,
    "min": 63.336856999999995,
    "max": 1378.449739,
    "std": 274.1213781815363
  },
  "time_to_second_token": {
    "unit": "ms",
    "avg": 24.726650059999997,
    "p1": 1.42997596,
    "p5": 1.97358835,
    "p10": 2.1821057999999995,
    "p25": 3.1664369999999997,
    "p50": 4.2532274999999995,
    "p75": 5.322178,
    "p90": 92.7056368,
    "p95": 125.84366599999998,
    "p99": 163.28809825999997,
    "min": 0.956799,
    "max": 270.103471,
    "std": 44.038245604906095
  },
  "inter_token_latency": {
    "unit": "ms",
    "avg": 8.275551646483141,
    "p1": 6.287800162684563,
    "p5": 6.427961896979866,
    "p10": 7.018304063087248,
    "p25": 7.569990718120805,
    "p50": 8.294109798657718,
    "p75": 9.010613639261745,
    "p90": 9.620100738255033,
    "p95": 9.92728642885906,
    "p99": 10.536024472416106,
    "min": 4.984675006711409,
    "max": 11.857257194630872,
    "std": 1.0241979764710738
  },
  "output_token_throughput": {
    "unit": "tokens/sec",
    "avg": 2617.2722554710713
  },
  "output_token_throughput_per_user": {
    "unit": "tokens/sec/user",
    "avg": 122.79712412546951,
    "p1": 94.91245991845001,
    "p5": 100.7324620958807,
    "p10": 103.94901542603759,
    "p25": 110.98023288335047,
    "p50": 120.56748997828413,
    "p75": 132.1005582828445,
    "p90": 142.48456479169533,
    "p95": 155.57030611445754,
    "p99": 159.03813328298006,
    "min": 84.3365361470622,
    "max": 200.61488435125483,
    "std": 16.13562016854707
  },
  "output_sequence_length": {
    "unit": "tokens",
    "avg": 149.981,
    "p1": 149.0,
    "p5": 150.0,
    "p10": 150.0,
    "p25": 150.0,
    "p50": 150.0,
    "p75": 150.0,
    "p90": 150.0,
    "p95": 150.0,
    "p99": 150.0,
    "min": 148.0,
    "max": 151.0,
    "std": 0.18611555550248882
  },
  "input_sequence_length": {
    "unit": "tokens",
    "avg": 400.004,
    "p1": 400.0,
    "p5": 400.0,
    "p10": 400.0,
    "p25": 400.0,
    "p50": 400.0,
    "p75": 400.0,
    "p90": 400.0,
    "p95": 400.0,
    "p99": 400.0,
    "min": 400.0,
    "max": 401.0,
    "std": 0.063118935352238
  },
  "output_token_count": {
    "unit": "tokens",
    "avg": 149.981,
    "p1": 149.0,
    "p5": 150.0,
    "p10": 150.0,
    "p25": 150.0,
    "p50": 150.0,
    "p75": 150.0,
    "p90": 150.0,
    "p95": 150.0,
    "p99": 150.0,
    "min": 148.0,
    "max": 151.0,
    "std": 0.18611555550248882
  },
  "min_request_timestamp": {
    "unit": "ns",
    "avg": 1.7731261858857633e18
  },
  "max_response_timestamp": {
    "unit": "ns",
    "avg": 1.7731262431900805e18
  },
  "inter_chunk_latency": {
    "unit": "ms",
    "avg": 8.846932390433272,
    "p1": 2.01201581,
    "p5": 4.30348155,
    "p10": 5.8555364,
    "p25": 6.20631375,
    "p50": 6.405721,
    "p75": 6.56062425,
    "p90": 6.9297466000000005,
    "p95": 12.92088839999999,
    "p99": 89.29464752,
    "min": 0.0,
    "max": 563.510153,
    "std": 15.494886843042044
  },
  "total_output_tokens": {
    "unit": "tokens",
    "avg": 149981.0
  },
  "benchmark_duration": {
    "unit": "sec",
    "avg": 57.304317381000004
  },
  "total_isl": {
    "unit": "tokens",
    "avg": 400004.0
  },
  "total_osl": {
    "unit": "tokens",
    "avg": 149981.0
  },
  "telemetry_data": {
    "summary": {
      "endpoints_configured": [],
      "endpoints_successful": [],
      "start_time": "2026-03-10T07:03:05.882056",
      "end_time": "2026-03-10T07:04:05.202758"
    },
    "endpoints": {},
    "error_summary": []
  },
  "input_config": {
    "endpoint": {
      "model_names": [
        "Qwen/Qwen3-VL-30B-A3B-Instruct-FP8"
      ],
      "streaming": true,
      "urls": [
        "http://qwen3-vl-agg-vllm-serve:8000"
      ]
    },
    "input": {
      "extra": [
        [
          "max_tokens",
          150
        ],
        [
          "min_tokens",
          150
        ],
        [
          "ignore_eos",
          true
        ]
      ],
      "file": "/perf-cache-tmp/datasets/1000req_1img_200pool_400word_base64.jsonl",
      "custom_dataset_type": "single_turn"
    },
    "output": {
      "artifact_directory": "/perf-cache-tmp/artifacts/fp8/gb200/agg-vllm-serve/cache_on/1000req_1img_200pool_400word_base64/c32"
    },
    "loadgen": {
      "concurrency": 32,
      "arrival_pattern": "concurrency_burst",
      "request_count": 1000,
      "warmup_request_count": 3
    },
    "cli_command": "aiperf profile --model 'Qwen/Qwen3-VL-30B-A3B-Instruct-FP8' --input-file '/perf-cache-tmp/datasets/1000req_1img_200pool_400word_base64.jsonl' --custom-dataset-type 'single_turn' --url 'http://qwen3-vl-agg-vllm-serve:8000' --streaming --ui-type None --request-count 1000 --concurrency 32 --warmup-request-count 3 --artifact-dir '/perf-cache-tmp/artifacts/fp8/gb200/agg-vllm-serve/cache_on/1000req_1img_200pool_400word_base64/c32' --extra-inputs 'max_tokens:150' --extra-inputs 'min_tokens:150' --extra-inputs 'ignore_eos:true'",
    "benchmark_id": "a41d5701-329a-4a5c-8211-b745ba536333"
  },
  "was_cancelled": false,
  "error_summary": [],
  "start_time": "2026-03-10T07:03:05.882056",
  "end_time": "2026-03-10T07:04:03.192194",
  "http_req_data_sent": {
    "unit": "KB",
    "avg": 1028.235697265625,
    "p1": 1028.19140625,
    "p5": 1028.2060546875,
    "p10": 1028.2109375,
    "p25": 1028.2236328125,
    "p50": 1028.2353515625,
    "p75": 1028.248046875,
    "p90": 1028.259765625,
    "p95": 1028.2685546875,
    "p99": 1028.281259765625,
    "min": 1028.1640625,
    "max": 1028.296875,
    "std": 0.019129677493482183
  },
  "http_req_receiving": {
    "unit": "ms",
    "avg": 1233.1188566409999,
    "p1": 936.88687832,
    "p5": 957.810705,
    "p10": 1045.738019,
    "p25": 1127.9300409999998,
    "p50": 1235.8309199999999,
    "p75": 1342.5853762499999,
    "p90": 1433.4383292999999,
    "p95": 1479.1713674999999,
    "p99": 1569.8715398299998,
    "min": 742.719488,
    "max": 1766.732794,
    "std": 152.66777754669639
  },
  "http_req_connecting": {
    "unit": "ms",
    "avg": 0.913700572,
    "p1": 0.0,
    "p5": 0.0,
    "p10": 0.0,
    "p25": 0.0,
    "p50": 0.0,
    "p75": 0.0,
    "p90": 0.0,
    "p95": 0.0,
    "p99": 31.87073872,
    "min": 0.0,
    "max": 32.195356,
    "std": 5.287691961827263
  },
  "num_images": {
    "unit": "images",
    "avg": 1.0,
    "p1": 1.0,
    "p5": 1.0,
    "p10": 1.0,
    "p25": 1.0,
    "p50": 1.0,
    "p75": 1.0,
    "p90": 1.0,
    "p95": 1.0,
    "p99": 1.0,
    "min": 1.0,
    "max": 1.0,
    "std": 0.0
  },
  "http_req_blocked": {
    "unit": "ms",
    "avg": 0.0,
    "p1": 0.0,
    "p5": 0.0,
    "p10": 0.0,
    "p25": 0.0,
    "p50": 0.0,
    "p75": 0.0,
    "p90": 0.0,
    "p95": 0.0,
    "p99": 0.0,
    "min": 0.0,
    "max": 0.0,
    "std": 0.0
  },
  "http_req_data_received": {
    "unit": "KB",
    "avg": 37.0419384765625,
    "p1": 19.09912109375,
    "p5": 29.906884765625,
    "p10": 32.8947265625,
    "p25": 37.635498046875,
    "p50": 38.3330078125,
    "p75": 38.85888671875,
    "p90": 39.1712890625,
    "p95": 39.363330078125,