{
  "schema_version": "1.0",
  "aiperf_version": "0.6.0",
  "benchmark_id": "d2b49109-b170-49d5-b374-8efebe5b426b",
  "request_throughput": {
    "unit": "requests/sec",
    "avg": 27.385756133812727
  },
  "request_latency": {
    "unit": "ms",
    "avg": 4587.456584833,
    "p1": 1712.36221132,
    "p5": 2658.5884024,
    "p10": 2807.1183749,
    "p25": 4143.337515,
    "p50": 4842.136053499999,
    "p75": 5220.103776999999,
    "p90": 6132.210820699999,
    "p95": 6276.407960399999,
    "p99": 6290.27294776,
    "min": 1166.567936,
    "max": 6321.79756,
    "std": 1066.4385632505564
  },
  "request_count": {
    "unit": "requests",
    "avg": 1000.0
  },
  "time_to_first_token": {
    "unit": "ms",
    "avg": 2214.994469029,
    "p1": 222.38072366999998,
    "p5": 343.97402165,
    "p10": 685.4904809999999,
    "p25": 1965.8303362499998,
    "p50": 2398.017812,
    "p75": 2781.4635062499997,
    "p90": 3314.8429091,
    "p95": 3683.0249123999997,
    "p99": 4084.18068292,
    "min": 110.43101,
    "max": 4094.079925,
    "std": 936.743903268001
  },
  "time_to_second_token": {
    "unit": "ms",
    "avg": 85.688361074,
    "p1": 0.0,
    "p5": 0.0,
    "p10": 2.7709089,
    "p25": 8.883859,
    "p50": 94.92902199999999,
    "p75": 120.695132,
    "p90": 130.7962779,
    "p95": 196.26030319999998,
    "p99": 494.730005,
    "min": 0.0,
    "max": 995.893052,
    "std": 105.38394786446084
  },
  "inter_token_latency": {
    "unit": "ms",
    "avg": 15.923889003389439,
    "p1": 8.234486599127516,
    "p5": 12.04674895838926,
    "p10": 13.007914189261745,
    "p25": 14.562759731543624,
    "p50": 16.17909853020134,
    "p75": 17.71648868624161,
    "p90": 18.738530395932344,
    "p95": 19.18332375067114,
    "p99": 20.636091521073826,
    "min": 0.5790412550335571,
    "max": 21.726484604026847,
    "std": 2.545588723870251
  },
  "output_token_throughput": {
    "unit": "tokens/sec",
    "avg": 4107.534790998303
  },
  "output_token_throughput_per_user": {
    "unit": "tokens/sec/user",
    "avg": 69.94572095110556,
    "p1": 48.45878876758503,
    "p5": 52.12860988004038,
    "p10": 53.36598048645259,
    "p25": 56.44460059821082,
    "p50": 61.80814099189952,
    "p75": 68.66830324796051,
    "p90": 76.87627592134724,
    "p95": 83.00994764521666,
    "p99": 121.44327508346046,
    "min": 46.026774152623716,
    "max": 1726.9926646971765,
    "std": 87.19271394708821
  },
  "output_sequence_length": {
    "unit": "tokens",
    "avg": 149.988,
    "p1": 150.0,
    "p5": 150.0,
    "p10": 150.0,
    "p25": 150.0,
    "p50": 150.0,
    "p75": 150.0,
    "p90": 150.0,
    "p95": 150.0,
    "p99": 150.0,
    "min": 148.0,
    "max": 150.0,
    "std": 0.1409113196304683
  },
  "input_sequence_length": {
    "unit": "tokens",
    "avg": 400.008,
    "p1": 400.0,
    "p5": 400.0,
    "p10": 400.0,
    "p25": 400.0,
    "p50": 400.0,
    "p75": 400.0,
    "p90": 400.0,
    "p95": 400.0,
    "p99": 400.0,
    "min": 400.0,
    "max": 401.0,
    "std": 0.08908422980528036
  },
  "output_token_count": {
    "unit": "tokens",
    "avg": 149.988,
    "p1": 150.0,
    "p5": 150.0,
    "p10": 150.0,
    "p25": 150.0,
    "p50": 150.0,
    "p75": 150.0,
    "p90": 150.0,
    "p95": 150.0,
    "p99": 150.0,
    "min": 148.0,
    "max": 150.0,
    "std": 0.1409113196304683
  },
  "min_request_timestamp": {
    "unit": "ns",
    "avg": 1.7731201372667172e18
  },
  "max_response_timestamp": {
    "unit": "ns",
    "avg": 1.77312017378205e18
  },
  "inter_chunk_latency": {
    "unit": "ms",
    "avg": 19.196541054180017,
    "p1": 0.0,
    "p5": 0.0,
    "p10": 0.0,
    "p25": 7.813426,
    "p50": 9.519603,
    "p75": 11.547379999999999,
    "p90": 21.456685400000005,
    "p95": 100.32068889999996,
    "p99": 144.55157016000044,
    "min": 0.0,
    "max": 1047.740001,
    "std": 50.9823939416042
  },
  "total_output_tokens": {
    "unit": "tokens",
    "avg": 149988.0
  },
  "benchmark_duration": {
    "unit": "sec",
    "avg": 36.515332829
  },
  "total_isl": {
    "unit": "tokens",
    "avg": 400008.0
  },
  "total_osl": {
    "unit": "tokens",
    "avg": 149988.0
  },
  "telemetry_data": {
    "summary": {
      "endpoints_configured": [],
      "endpoints_successful": [],
      "start_time": "2026-03-10T05:22:17.262541",
      "end_time": "2026-03-10T05:22:55.793484"
    },
    "endpoints": {},
    "error_summary": []
  },
  "input_config": {
    "endpoint": {
      "model_names": [
        "Qwen/Qwen3-VL-30B-A3B-Instruct-FP8"
      ],
      "streaming": true,
      "urls": [
        "http://qwen3-vl-agg-gb200-frontend:8000"
      ]
    },
    "input": {
      "extra": [
        [
          "max_tokens",
          150
        ],
        [
          "min_tokens",
          150
        ],
        [
          "ignore_eos",
          true
        ]
      ],
      "file": "/perf-cache/datasets/1000req_1img_200pool_400word_base64.jsonl",
      "custom_dataset_type": "single_turn"
    },
    "output": {
      "artifact_directory": "/perf-cache/artifacts/fp8/gb200/agg/cache_on/1000req_1img_200pool_400word_base64/c128"
    },
    "loadgen": {
      "concurrency": 128,
      "arrival_pattern": "concurrency_burst",
      "request_count": 1000,
      "warmup_request_count": 3
    },
    "cli_command": "aiperf profile --model 'Qwen/Qwen3-VL-30B-A3B-Instruct-FP8' --input-file '/perf-cache/datasets/1000req_1img_200pool_400word_base64.jsonl' --custom-dataset-type 'single_turn' --url 'http://qwen3-vl-agg-gb200-frontend:8000' --streaming --ui-type None --request-count 1000 --concurrency 128 --warmup-request-count 3 --artifact-dir '/perf-cache/artifacts/fp8/gb200/agg/cache_on/1000req_1img_200pool_400word_base64/c128' --extra-inputs 'max_tokens:150' --extra-inputs 'min_tokens:150' --extra-inputs 'ignore_eos:true'",
    "benchmark_id": "d2b49109-b170-49d5-b374-8efebe5b426b"
  },
  "was_cancelled": false,
  "error_summary": [],
  "start_time": "2026-03-10T05:22:17.262541",
  "end_time": "2026-03-10T05:22:53.784128",
  "http_req_receiving": {
    "unit": "ms",
    "avg": 2388.595290895,
    "p1": 1265.6228942,
    "p5": 1797.3163845999998,
    "p10": 1972.5361229999999,
    "p25": 2180.900139,
    "p50": 2417.972735,
    "p75": 2649.09544,
    "p90": 2803.2395862000003,
    "p95": 2871.9070168499993,
    "p99": 3094.16106088,
    "min": 86.278491,
    "max": 3244.081856,
    "std": 382.3261313023067
  },
  "http_req_blocked": {
    "unit": "ms",
    "avg": 0.0,
    "p1": 0.0,
    "p5": 0.0,
    "p10": 0.0,
    "p25": 0.0,
    "p50": 0.0,
    "p75": 0.0,
    "p90": 0.0,
    "p95": 0.0,
    "p99": 0.0,
    "min": 0.0,
    "max": 0.0,
    "std": 0.0
  },
  "http_req_waiting": {
    "unit": "ms",
    "avg": 2211.252399039,
    "p1": 222.07582543,
    "p5": 343.77876085,
    "p10": 685.2937513999999,
    "p25": 1965.6019602499998,
    "p50": 2397.75186,
    "p75": 2781.2034262499997,
    "p90": 3287.5527431999994,
    "p95": 3650.2666262,
    "p99": 4057.31240484,
    "min": 109.87379399999999,
    "max": 4062.6048429999996,
    "std": 931.7604226654838
  },
  "http_req_sending": {
    "unit": "ms",
    "avg": 3.6401914339999997,
    "p1": 0.14760320000000002,
    "p5": 0.16783679999999998,
    "p10": 0.1838816,
    "p25": 0.237368,
    "p50": 0.309536,
    "p75": 0.467368,
    "p90": 24.3690864,
    "p95": 27.737613749999998,
    "p99": 35.09919692,
    "min": 0.13494399999999998,
    "max": 44.172109999999996,
    "std": 9.189611089361561
  },
  "http_req_dns_lookup": {
    "unit": "ms",
    "avg": 0.8901424009999999,
    "p1": 0.0,
    "p5": 0.0,
    "p10": 0.0,
    "p25": 0.0,
    "p50": 0.0,
    "p75": 0.0,
    "p90": 0.0,
    "p95": 0.0,
    "p99": 30.733938,
    "min": 0.0,
    "max": 31.754315,
    "std": 5.15156569188497
  },
  "http_req_connecting": {
    "unit": "ms",
    "avg": 3.319290316,
    "p1": 0.0,
    "p5": 0.0,
    "p10": 0.0,
    "p25": 0.0,
    "p50": 0.0,
    "p75": 0.0,
    "p90": 24.187902400000002,
    "p95": 27.37628645,
    "p99": 34.624394679999995,