{
  "schema_version": "1.0",
  "aiperf_version": "0.6.0",
  "benchmark_id": "9a125444-38ef-4c3d-8a34-e0edaa1611c9",
  "request_throughput": {
    "unit": "requests/sec",
    "avg": 21.608354884573913
  },
  "request_latency": {
    "unit": "ms",
    "avg": 2930.03774676,
    "p1": 1357.6965145999998,
    "p5": 1549.1378106500001,
    "p10": 1784.4535584,
    "p25": 2414.8824462499997,
    "p50": 2974.440368,
    "p75": 3552.4117415,
    "p90": 3852.8298808,
    "p95": 4466.3876405,
    "p99": 4519.9302408799995,
    "min": 1123.985545,
    "max": 4533.6823349999995,
    "std": 788.2864572830089
  },
  "request_count": {
    "unit": "requests",
    "avg": 1000.0
  },
  "time_to_first_token": {
    "unit": "ms",
    "avg": 1513.380369262,
    "p1": 205.68513925999997,
    "p5": 309.09795425,
    "p10": 509.97369199999997,
    "p25": 945.34094825,
    "p50": 1562.8229055,
    "p75": 2175.63917175,
    "p90": 2444.7366029,
    "p95": 2569.1830370999996,
    "p99": 2855.39451695,
    "min": 110.89507499999999,
    "max": 2858.913352,
    "std": 728.695653550953
  },
  "time_to_second_token": {
    "unit": "ms",
    "avg": 88.533436461,
    "p1": 3.07794292,
    "p5": 3.5551239999999997,
    "p10": 3.9985623999999995,
    "p25": 4.65125825,
    "p50": 65.348421,
    "p75": 123.43594399999999,
    "p90": 202.96988359999997,
    "p95": 265.17244199999993,
    "p99": 720.78081115,
    "min": 0.546719,
    "max": 756.0476289999999,
    "std": 129.26420853173693
  },
  "inter_token_latency": {
    "unit": "ms",
    "avg": 9.509680680313311,
    "p1": 4.379551488389262,
    "p5": 6.682943361744967,
    "p10": 7.25644220671141,
    "p25": 8.112328999999999,
    "p50": 9.64749846308725,
    "p75": 10.67241066442953,
    "p90": 11.739123906040268,
    "p95": 12.810471632550332,
    "p99": 14.456010155033557,
    "min": 1.2918226510067115,
    "max": 17.17265708724832,
    "std": 1.9402306626933328
  },
  "output_token_throughput": {
    "unit": "tokens/sec",
    "avg": 3240.648198749319
  },
  "output_token_throughput_per_user": {
    "unit": "tokens/sec/user",
    "avg": 110.70903246098302,
    "p1": 69.1753805435449,
    "p5": 78.0611786232978,
    "p10": 85.18523256876867,
    "p25": 93.69954283831052,
    "p50": 103.65381283775213,
    "p75": 123.26916276456551,
    "p90": 137.80858113038775,
    "p95": 149.63526850241982,
    "p99": 228.33388365250397,
    "min": 58.23210671006509,
    "max": 774.1000664609068,
    "std": 33.77234503601601
  },
  "output_sequence_length": {
    "unit": "tokens",
    "avg": 149.972,
    "p1": 149.0,
    "p5": 150.0,
    "p10": 150.0,
    "p25": 150.0,
    "p50": 150.0,
    "p75": 150.0,
    "p90": 150.0,
    "p95": 150.0,
    "p99": 150.0,
    "min": 148.0,
    "max": 150.0,
    "std": 0.2078845833629805
  },
  "input_sequence_length": {
    "unit": "tokens",
    "avg": 400.004,
    "p1": 400.0,
    "p5": 400.0,
    "p10": 400.0,
    "p25": 400.0,
    "p50": 400.0,
    "p75": 400.0,
    "p90": 400.0,
    "p95": 400.0,
    "p99": 400.0,
    "min": 400.0,
    "max": 401.0,
    "std": 0.063118935352238
  },
  "output_token_count": {
    "unit": "tokens",
    "avg": 149.972,
    "p1": 149.0,
    "p5": 150.0,
    "p10": 150.0,
    "p25": 150.0,
    "p50": 150.0,
    "p75": 150.0,
    "p90": 150.0,
    "p95": 150.0,
    "p99": 150.0,
    "min": 148.0,
    "max": 150.0,
    "std": 0.2078845833629805
  },
  "min_request_timestamp": {
    "unit": "ns",
    "avg": 1.7731266554130496e18
  },
  "max_response_timestamp": {
    "unit": "ns",
    "avg": 1.7731267016914455e18
  },
  "inter_chunk_latency": {
    "unit": "ms",
    "avg": 12.14076562310817,
    "p1": 3.4377287,
    "p5": 5.679761249999999,
    "p10": 6.9646004999999995,
    "p25": 7.247135999999999,
    "p50": 7.4582155,
    "p75": 7.64168775,
    "p90": 7.998342999999999,
    "p95": 21.185816,
    "p99": 129.74551764999998,
    "min": 0.17113599999999998,
    "max": 756.0476289999999,
    "std": 32.07744845757587
  },
  "total_output_tokens": {
    "unit": "tokens",
    "avg": 149972.0
  },
  "benchmark_duration": {
    "unit": "sec",
    "avg": 46.278395803
  },
  "total_isl": {
    "unit": "tokens",
    "avg": 400004.0
  },
  "total_osl": {
    "unit": "tokens",
    "avg": 149972.0
  },
  "telemetry_data": {
    "summary": {
      "endpoints_configured": [],
      "endpoints_successful": [],
      "start_time": "2026-03-10T07:10:55.409256",
      "end_time": "2026-03-10T07:11:43.703938"
    },
    "endpoints": {},
    "error_summary": []
  },
  "input_config": {
    "endpoint": {
      "model_names": [
        "Qwen/Qwen3-VL-30B-A3B-Instruct-FP8"
      ],
      "streaming": true,
      "urls": [
        "http://qwen3-vl-agg-vllm-serve:8000"
      ]
    },
    "input": {
      "extra": [
        [
          "max_tokens",
          150
        ],
        [
          "min_tokens",
          150
        ],
        [
          "ignore_eos",
          true
        ]
      ],
      "file": "/perf-cache-tmp/datasets/1000req_1img_200pool_400word_base64.jsonl",
      "custom_dataset_type": "single_turn"
    },
    "output": {
      "artifact_directory": "/perf-cache-tmp/artifacts/fp8/gb200/agg-vllm-serve/cache_on/1000req_1img_200pool_400word_base64/c64"
    },
    "loadgen": {
      "concurrency": 64,
      "arrival_pattern": "concurrency_burst",
      "request_count": 1000,
      "warmup_request_count": 3
    },
    "cli_command": "aiperf profile --model 'Qwen/Qwen3-VL-30B-A3B-Instruct-FP8' --input-file '/perf-cache-tmp/datasets/1000req_1img_200pool_400word_base64.jsonl' --custom-dataset-type 'single_turn' --url 'http://qwen3-vl-agg-vllm-serve:8000' --streaming --ui-type None --request-count 1000 --concurrency 64 --warmup-request-count 3 --artifact-dir '/perf-cache-tmp/artifacts/fp8/gb200/agg-vllm-serve/cache_on/1000req_1img_200pool_400word_base64/c64' --extra-inputs 'max_tokens:150' --extra-inputs 'min_tokens:150' --extra-inputs 'ignore_eos:true'",
    "benchmark_id": "9a125444-38ef-4c3d-8a34-e0edaa1611c9"
  },
  "was_cancelled": false,
  "error_summary": [],
  "start_time": "2026-03-10T07:10:55.409256",
  "end_time": "2026-03-10T07:11:41.695211",
  "http_req_duration": {
    "unit": "ms",
    "avg": 2930.2768022529995,
    "p1": 1357.6121482,
    "p5": 1549.0748298499998,
    "p10": 1784.3705025,
    "p25": 2414.755119,
    "p50": 2974.343984,
    "p75": 3552.3299654999996,
    "p90": 3852.7770136,
    "p95": 4483.29808695,
    "p99": 4519.86648504,
    "min": 1123.908618,
    "max": 4533.610943,
    "std": 788.3461604094772
  },
  "http_req_blocked": {
    "unit": "ms",
    "avg": 0.0,
    "p1": 0.0,
    "p5": 0.0,
    "p10": 0.0,
    "p25": 0.0,
    "p50": 0.0,
    "p75": 0.0,
    "p90": 0.0,
    "p95": 0.0,
    "p99": 0.0,
    "min": 0.0,
    "max": 0.0,
    "std": 0.0
  },
  "http_req_dns_lookup": {
    "unit": "ms",
    "avg": 0.8851306149999999,
    "p1": 0.0,
    "p5": 0.0,
    "p10": 0.0,
    "p25": 0.0,
    "p50": 0.0,
    "p75": 0.0,
    "p90": 0.0,
    "p95": 0.0,
    "p99": 30.66079053,
    "min": 0.0,
    "max": 31.215307,
    "std": 5.1223626531582065
  },
  "http_req_connecting": {
    "unit": "ms",
    "avg": 1.793061115,
    "p1": 0.0,
    "p5": 0.0,
    "p10": 0.0,
    "p25": 0.0,
    "p50": 0.0,
    "p75": 0.0,
    "p90": 0.0,
    "p95": 27.854542399999996,
    "p99": 32.62235808,
    "min": 0.0,
    "max": 49.267466999999996,
    "std": 7.273127144374654
  },
  "http_req_data_received": {
    "unit": "KB",
    "avg": 31.2004970703125,
    "p1": 1.760732421875,
    "p5": 7.69609375,
    "p10": 17.3599609375,
    "p25": 28.0654296875,
    "p50": 34.970703125,
    "p75": 38.388916015625,
    "p90": 39.1869140625,
    "p95": 39.379931640625,
    "p99": 39.4345703125,
    "min": 1.6435546875,
    "max": 39.4677734375,
    "std": 9.77456940648997
  },
  "num_images": {
    "unit": "images",
    "avg": 1.0,
    "p1": 1.0,
    "p5": 1.0,
    "p10": 1.0,
    "p25": 1.0,
    "p50": 1.0,
    "p75": 1.0,
    "p90": 1.0,
    "p95": 1.0,
    "p99": 1.0,
    "min": 1.0,