{
  "schema_version": "1.0",
  "aiperf_version": "0.6.0",
  "benchmark_id": "5a5fe36a-677f-435f-bb5e-0a7d459e5480",
  "request_throughput": {
    "unit": "requests/sec",
    "avg": 15.42128127541031
  },
  "request_latency": {
    "unit": "ms",
    "avg": 2057.194766069,
    "p1": 1470.49416215,
    "p5": 1670.014782,
    "p10": 1776.9621792,
    "p25": 1891.5040695,
    "p50": 2082.3256444999997,
    "p75": 2229.0667,
    "p90": 2340.2569125,
    "p95": 2371.498137699999,
    "p99": 2573.6511981599997,
    "min": 991.0801329999999,
    "max": 2706.9590789999997,
    "std": 237.0361242555152
  },
  "request_count": {
    "unit": "requests",
    "avg": 1000.0
  },
  "time_to_first_token": {
    "unit": "ms",
    "avg": 495.76152423499997,
    "p1": 101.27072115,
    "p5": 131.9828115,
    "p10": 175.1913597,
    "p25": 244.524125,
    "p50": 520.15158,
    "p75": 706.431434,
    "p90": 752.0625679999999,
    "p95": 806.3300787999999,
    "p99": 1162.1341923599998,
    "min": 81.389056,
    "max": 1165.08853,
    "std": 242.76898487723784
  },
  "time_to_second_token": {
    "unit": "ms",
    "avg": 17.020026195999996,
    "p1": 0.0,
    "p5": 2.03855205,
    "p10": 2.6569833999999997,
    "p25": 3.1767049999999997,
    "p50": 4.987842,
    "p75": 6.704714249999999,
    "p90": 85.72579200000001,
    "p95": 99.88526449999999,
    "p99": 109.24208909999999,
    "min": 0.0,
    "max": 190.532059,
    "std": 30.502892810692202
  },
  "inter_token_latency": {
    "unit": "ms",
    "avg": 10.481235804077308,
    "p1": 6.618555424161073,
    "p5": 8.341369025503356,
    "p10": 8.739799761744967,
    "p25": 9.614457030201342,
    "p50": 10.473812546979866,
    "p75": 11.427330718120805,
    "p90": 12.386431865771813,
    "p95": 13.245530134228186,
    "p99": 14.75654091147651,
    "min": 6.105309241610738,
    "max": 15.44962410738255,
    "std": 1.5164654652049094
  },
  "output_token_throughput": {
    "unit": "tokens/sec",
    "avg": 2312.8066592796613
  },
  "output_token_throughput_per_user": {
    "unit": "tokens/sec/user",
    "avg": 97.47283723743391,
    "p1": 67.7665594492673,
    "p5": 75.4971669613053,
    "p10": 80.73350033783942,
    "p25": 87.50950036986586,
    "p50": 95.47621881739434,
    "p75": 104.01003957053372,
    "p90": 114.41909740496624,
    "p95": 119.88439763601386,
    "p99": 151.09037183162616,
    "min": 64.7264938648024,
    "max": 163.791867115346,
    "std": 14.668426976196667
  },
  "output_sequence_length": {
    "unit": "tokens",
    "avg": 149.975,
    "p1": 149.0,
    "p5": 150.0,
    "p10": 150.0,
    "p25": 150.0,
    "p50": 150.0,
    "p75": 150.0,
    "p90": 150.0,
    "p95": 150.0,
    "p99": 150.0,
    "min": 148.0,
    "max": 150.0,
    "std": 0.19589538024159733
  },
  "input_sequence_length": {
    "unit": "tokens",
    "avg": 400.008,
    "p1": 400.0,
    "p5": 400.0,
    "p10": 400.0,
    "p25": 400.0,
    "p50": 400.0,
    "p75": 400.0,
    "p90": 400.0,
    "p95": 400.0,
    "p99": 400.0,
    "min": 400.0,
    "max": 401.0,
    "std": 0.08908422980528036
  },
  "output_token_count": {
    "unit": "tokens",
    "avg": 149.975,
    "p1": 149.0,
    "p5": 150.0,
    "p10": 150.0,
    "p25": 150.0,
    "p50": 150.0,
    "p75": 150.0,
    "p90": 150.0,
    "p95": 150.0,
    "p99": 150.0,
    "min": 148.0,
    "max": 150.0,
    "std": 0.19589538024159733
  },
  "min_request_timestamp": {
    "unit": "ns",
    "avg": 1.7731191249751337e18
  },
  "max_response_timestamp": {
    "unit": "ns",
    "avg": 1.7731191898205885e18
  },
  "inter_chunk_latency": {
    "unit": "ms",
    "avg": 10.789787040880633,
    "p1": 0.0,
    "p5": 0.0,
    "p10": 2.754641,
    "p25": 5.6886019999999995,
    "p50": 6.361154,
    "p75": 6.91193875,
    "p90": 12.889016199999999,
    "p95": 58.65106460000011,
    "p99": 99.10839251999995,
    "min": 0.0,
    "max": 269.533012,
    "std": 19.6329493734209
  },
  "total_output_tokens": {
    "unit": "tokens",
    "avg": 149975.0
  },
  "benchmark_duration": {
    "unit": "sec",
    "avg": 64.84545493600001
  },
  "total_isl": {
    "unit": "tokens",
    "avg": 400008.0
  },
  "total_osl": {
    "unit": "tokens",
    "avg": 149975.0
  },
  "telemetry_data": {
    "summary": {
      "endpoints_configured": [],
      "endpoints_successful": [],
      "start_time": "2026-03-10T05:05:24.970650",
      "end_time": "2026-03-10T05:06:31.832106"
    },
    "endpoints": {},
    "error_summary": []
  },
  "input_config": {
    "endpoint": {
      "model_names": [
        "Qwen/Qwen3-VL-30B-A3B-Instruct-FP8"
      ],
      "streaming": true,
      "urls": [
        "http://qwen3-vl-agg-gb200-frontend:8000"
      ]
    },
    "input": {
      "extra": [
        [
          "max_tokens",
          150
        ],
        [
          "min_tokens",
          150
        ],
        [
          "ignore_eos",
          true
        ]
      ],
      "file": "/perf-cache/datasets/1000req_1img_200pool_400word_base64.jsonl",
      "custom_dataset_type": "single_turn"
    },
    "output": {
      "artifact_directory": "/perf-cache/artifacts/fp8/gb200/agg/cache_on/1000req_1img_200pool_400word_base64/c32"
    },
    "loadgen": {
      "concurrency": 32,
      "arrival_pattern": "concurrency_burst",
      "request_count": 1000,
      "warmup_request_count": 3
    },
    "cli_command": "aiperf profile --model 'Qwen/Qwen3-VL-30B-A3B-Instruct-FP8' --input-file '/perf-cache/datasets/1000req_1img_200pool_400word_base64.jsonl' --custom-dataset-type 'single_turn' --url 'http://qwen3-vl-agg-gb200-frontend:8000' --streaming --ui-type None --request-count 1000 --concurrency 32 --warmup-request-count 3 --artifact-dir '/perf-cache/artifacts/fp8/gb200/agg/cache_on/1000req_1img_200pool_400word_base64/c32' --extra-inputs 'max_tokens:150' --extra-inputs 'min_tokens:150' --extra-inputs 'ignore_eos:true'",
    "benchmark_id": "5a5fe36a-677f-435f-bb5e-0a7d459e5480"
  },
  "was_cancelled": false,
  "error_summary": [],
  "start_time": "2026-03-10T05:05:24.970650",
  "end_time": "2026-03-10T05:06:29.822751",
  "num_images": {
    "unit": "images",
    "avg": 1.0,
    "p1": 1.0,
    "p5": 1.0,
    "p10": 1.0,
    "p25": 1.0,
    "p50": 1.0,
    "p75": 1.0,
    "p90": 1.0,
    "p95": 1.0,
    "p99": 1.0,
    "min": 1.0,
    "max": 1.0,
    "std": 0.0
  },
  "http_req_chunks_sent": {
    "unit": "count",
    "avg": 1.0,
    "p1": 1.0,
    "p5": 1.0,
    "p10": 1.0,
    "p25": 1.0,
    "p50": 1.0,
    "p75": 1.0,
    "p90": 1.0,
    "p95": 1.0,
    "p99": 1.0,
    "min": 1.0,
    "max": 1.0,
    "std": 0.0
  },
  "time_to_first_output_token": {
    "unit": "ms",
    "avg": 495.76152423499997,
    "p1": 101.27072115,
    "p5": 131.9828115,
    "p10": 175.1913597,
    "p25": 244.524125,
    "p50": 520.15158,
    "p75": 706.431434,
    "p90": 752.0625679999999,
    "p95": 806.3300787999999,
    "p99": 1162.1341923599998,
    "min": 81.389056,
    "max": 1165.08853,
    "std": 242.76898487723784
  },
  "http_req_receiving": {
    "unit": "ms",
    "avg": 1566.99105305,
    "p1": 987.67563119,
    "p5": 1248.4104908,
    "p10": 1302.3059469999998,
    "p25": 1435.005436,
    "p50": 1561.9999404999999,
    "p75": 1703.585793,
    "p90": 1846.9340332999998,
    "p95": 1975.9113462,
    "p99": 2200.18253856,
    "min": 909.8211249999999,
    "max": 2303.444392,
    "std": 224.1505479777477
  },
  "http_req_connecting": {
    "unit": "ms",
    "avg": 0.912089301,
    "p1": 0.0,
    "p5": 0.0,
    "p10": 0.0,
    "p25": 0.0,
    "p50": 0.0,
    "p75": 0.0,
    "p90": 0.0,
    "p95": 0.0,
    "p99": 31.5020408,
    "min": 0.0,
    "max": 32.823308,
    "std": 5.278548763217582
  },
  "http_req_blocked": {
    "unit": "ms",
    "avg": 0.0,
    "p1": 0.0,
    "p5": 0.0,
    "p10": 0.0,
    "p25": 0.0,
    "p50": 0.0,
    "p75": 0.0,
    "p90": 0.0,
    "p95": 0.0,
    "p99": 0.0,
    "min": 0.0,
    "max": 0.0,
    "std": 0.0
  },
  "http_req_waiting": {
    "unit": "ms",
    "avg": 494.374077527,
    "p1": 100.69232529,
    "p5": 131.45248125,