{
  "schema_version": "1.0",
  "aiperf_version": "0.6.0",
  "benchmark_id": "3a92c957-2fd9-4a54-8c3c-6ac4788aac74",
  "request_throughput": {
    "unit": "requests/sec",
    "avg": 21.396577317396762
  },
  "request_latency": {
    "unit": "ms",
    "avg": 2926.3101969689997,
    "p1": 1630.1037933399998,
    "p5": 2067.33937715,
    "p10": 2354.0513431,
    "p25": 2690.10845775,
    "p50": 2969.2039995,
    "p75": 3215.203439,
    "p90": 3390.3184592,
    "p95": 3706.0662517999995,
    "p99": 3738.1698534199986,
    "min": 1560.8896109999998,
    "max": 3906.551935,
    "std": 451.2882990497642
  },
  "request_count": {
    "unit": "requests",
    "avg": 1000.0
  },
  "time_to_first_token": {
    "unit": "ms",
    "avg": 877.2042159739999,
    "p1": 121.72731768,
    "p5": 201.56685595,
    "p10": 246.98035149999998,
    "p25": 357.11209725,
    "p50": 910.3412834999999,
    "p75": 1228.775246,
    "p90": 1390.8507748,
    "p95": 1747.2031360499998,
    "p99": 2086.6498244,
    "min": 116.028076,
    "max": 2092.1785879999998,
    "std": 483.0675776762503
  },
  "time_to_second_token": {
    "unit": "ms",
    "avg": 48.154034763999995,
    "p1": 0.0,
    "p5": 1.6762864,
    "p10": 3.2959625999999997,
    "p25": 4.58354575,
    "p50": 6.9198425,
    "p75": 106.29658275,
    "p90": 117.5158232,
    "p95": 119.64711765,
    "p99": 212.02553791999998,
    "min": 0.0,
    "max": 612.5997239999999,
    "std": 62.92398043975614
  },
  "inter_token_latency": {
    "unit": "ms",
    "avg": 13.7533475829258,
    "p1": 6.512092345234898,
    "p5": 10.58941820805369,
    "p10": 11.20198407785235,
    "p25": 12.490385194630871,
    "p50": 13.887114825503357,
    "p75": 15.298181231543625,
    "p90": 16.141474837583893,
    "p95": 16.682605539932887,
    "p99": 17.53679991892617,
    "min": 6.505617302013422,
    "max": 18.240196483221474,
    "std": 2.053473786389177
  },
  "output_token_throughput": {
    "unit": "tokens/sec",
    "avg": 3209.27263183634
  },
  "output_token_throughput_per_user": {
    "unit": "tokens/sec/user",
    "avg": 74.80584840978437,
    "p1": 57.02294629711154,
    "p5": 59.942675564196044,
    "p10": 61.95220760352585,
    "p25": 65.36724757483528,
    "p50": 72.00919955749978,
    "p75": 80.06158213844466,
    "p90": 89.26990030315696,
    "p95": 94.43389442120336,
    "p99": 153.56047597089642,
    "min": 54.823970833859455,
    "max": 153.7133147519314,
    "std": 14.926363705679812
  },
  "output_sequence_length": {
    "unit": "tokens",
    "avg": 149.99,
    "p1": 150.0,
    "p5": 150.0,
    "p10": 150.0,
    "p25": 150.0,
    "p50": 150.0,
    "p75": 150.0,
    "p90": 150.0,
    "p95": 150.0,
    "p99": 150.0,
    "min": 148.0,
    "max": 150.0,
    "std": 0.11789826122551596
  },
  "input_sequence_length": {
    "unit": "tokens",
    "avg": 400.008,
    "p1": 400.0,
    "p5": 400.0,
    "p10": 400.0,
    "p25": 400.0,
    "p50": 400.0,
    "p75": 400.0,
    "p90": 400.0,
    "p95": 400.0,
    "p99": 400.0,
    "min": 400.0,
    "max": 401.0,
    "std": 0.08908422980528036
  },
  "output_token_count": {
    "unit": "tokens",
    "avg": 149.99,
    "p1": 150.0,
    "p5": 150.0,
    "p10": 150.0,
    "p25": 150.0,
    "p50": 150.0,
    "p75": 150.0,
    "p90": 150.0,
    "p95": 150.0,
    "p99": 150.0,
    "min": 148.0,
    "max": 150.0,
    "std": 0.11789826122551596
  },
  "min_request_timestamp": {
    "unit": "ns",
    "avg": 1.773119640568369e18
  },
  "max_response_timestamp": {
    "unit": "ns",
    "avg": 1.7731196873048156e18
  },
  "inter_chunk_latency": {
    "unit": "ms",
    "avg": 14.520720407289039,
    "p1": 0.0,
    "p5": 0.0,
    "p10": 2.447329,
    "p25": 5.95166525,
    "p50": 7.3920984999999995,
    "p75": 8.368746999999999,
    "p90": 18.396694,
    "p95": 87.60772475,
    "p99": 119.31295235000003,
    "min": 0.0,
    "max": 612.667437,
    "std": 29.578053132510874
  },
  "total_output_tokens": {
    "unit": "tokens",
    "avg": 149990.0
  },
  "benchmark_duration": {
    "unit": "sec",
    "avg": 46.736446917
  },
  "total_isl": {
    "unit": "tokens",
    "avg": 400008.0
  },
  "total_osl": {
    "unit": "tokens",
    "avg": 149990.0
  },
  "telemetry_data": {
    "summary": {
      "endpoints_configured": [],
      "endpoints_successful": [],
      "start_time": "2026-03-10T05:14:00.564231",
      "end_time": "2026-03-10T05:14:49.320523"
    },
    "endpoints": {},
    "error_summary": []
  },
  "input_config": {
    "endpoint": {
      "model_names": [
        "Qwen/Qwen3-VL-30B-A3B-Instruct-FP8"
      ],
      "streaming": true,
      "urls": [
        "http://qwen3-vl-agg-gb200-frontend:8000"
      ]
    },
    "input": {
      "extra": [
        [
          "max_tokens",
          150
        ],
        [
          "min_tokens",
          150
        ],
        [
          "ignore_eos",
          true
        ]
      ],
      "file": "/perf-cache/datasets/1000req_1img_200pool_400word_base64.jsonl",
      "custom_dataset_type": "single_turn"
    },
    "output": {
      "artifact_directory": "/perf-cache/artifacts/fp8/gb200/agg/cache_on/1000req_1img_200pool_400word_base64/c64"
    },
    "loadgen": {
      "concurrency": 64,
      "arrival_pattern": "concurrency_burst",
      "request_count": 1000,
      "warmup_request_count": 3
    },
    "cli_command": "aiperf profile --model 'Qwen/Qwen3-VL-30B-A3B-Instruct-FP8' --input-file '/perf-cache/datasets/1000req_1img_200pool_400word_base64.jsonl' --custom-dataset-type 'single_turn' --url 'http://qwen3-vl-agg-gb200-frontend:8000' --streaming --ui-type None --request-count 1000 --concurrency 64 --warmup-request-count 3 --artifact-dir '/perf-cache/artifacts/fp8/gb200/agg/cache_on/1000req_1img_200pool_400word_base64/c64' --extra-inputs 'max_tokens:150' --extra-inputs 'min_tokens:150' --extra-inputs 'ignore_eos:true'",
    "benchmark_id": "3a92c957-2fd9-4a54-8c3c-6ac4788aac74"
  },
  "was_cancelled": false,
  "error_summary": [],
  "start_time": "2026-03-10T05:14:00.564231",
  "end_time": "2026-03-10T05:14:47.310724",
  "http_req_receiving": {
    "unit": "ms",
    "avg": 2059.417624659,
    "p1": 971.99058184,
    "p5": 1582.5985580999998,
    "p10": 1698.117591,
    "p25": 1863.6633869999998,
    "p50": 2078.462588,
    "p75": 2287.6652409999997,
    "p90": 2405.1937828,
    "p95": 2488.3714072,
    "p99": 2618.4667892800003,
    "min": 971.133298,
    "max": 2722.7411819999998,
    "std": 304.8577922174386
  },
  "num_images": {
    "unit": "images",
    "avg": 1.0,
    "p1": 1.0,
    "p5": 1.0,
    "p10": 1.0,
    "p25": 1.0,
    "p50": 1.0,
    "p75": 1.0,
    "p90": 1.0,
    "p95": 1.0,
    "p99": 1.0,
    "min": 1.0,
    "max": 1.0,
    "std": 0.0
  },
  "http_req_duration": {
    "unit": "ms",
    "avg": 2936.52187935,
    "p1": 1631.03951494,
    "p5": 2103.1936698,
    "p10": 2389.4727832,
    "p25": 2695.9919152499997,
    "p50": 2990.999863,
    "p75": 3219.11446425,
    "p90": 3396.5295114,
    "p95": 3717.43040455,
    "p99": 3901.16112211,
    "min": 1561.434347,
    "max": 3906.277631,
    "std": 452.65640352463487
  },
  "http_req_connecting": {
    "unit": "ms",
    "avg": 1.795243022,
    "p1": 0.0,
    "p5": 0.0,
    "p10": 0.0,
    "p25": 0.0,
    "p50": 0.0,
    "p75": 0.0,
    "p90": 0.0,
    "p95": 27.867125799999997,
    "p99": 32.840889399999995,
    "min": 0.0,
    "max": 47.540335,
    "std": 7.2750034953860245
  },
  "http_req_waiting": {
    "unit": "ms",
    "avg": 874.991950644,
    "p1": 121.33141976,
    "p5": 201.20275195,
    "p10": 246.65475149999997,
    "p25": 356.80244925,
    "p50": 909.998176,
    "p75": 1228.475342,
    "p90": 1390.2944730999998,
    "p95": 1714.8053057999998,
    "p99": 2053.35031516,
    "min": 115.714028,
    "max": 2059.8604649999997,
    "std": 479.13889880761394
  },
  "http_req_blocked": {
    "unit": "ms",
    "avg": 0.0,
    "p1": 0.0,
    "p5": 0.0,
    "p10": 0.0,
    "p25": 0.0,
    "p50": 0.0,
    "p75": 0.0,
    "p90": 0.0,
    "p95": 0.0,
    "p99": 0.0,
    "min": 0.0,