{
  "schema_version": "1.0",
  "aiperf_version": "0.6.0",
  "benchmark_id": "2daa5aef-5c77-476f-9b4b-7207d9bb4112",
  "request_throughput": {
    "unit": "requests/sec",
    "avg": 23.669840890686185
  },
  "request_latency": {
    "unit": "ms",
    "avg": 2656.408129406,
    "p1": 1395.8062310399998,
    "p5": 1591.0339035999998,
    "p10": 1783.3628462,
    "p25": 2090.32657825,
    "p50": 2583.166483,
    "p75": 2918.5098205,
    "p90": 3745.0689798,
    "p95": 3989.3313659499995,
    "p99": 4250.486778249999,
    "min": 1203.46991,
    "max": 4354.554091,
    "std": 710.3625148411984
  },
  "request_count": {
    "unit": "requests",
    "avg": 1000.0
  },
  "time_to_first_token": {
    "unit": "ms",
    "avg": 1231.540709999,
    "p1": 324.60641712,
    "p5": 360.82141939999997,
    "p10": 431.9614483,
    "p25": 587.803827,
    "p50": 1204.4558465,
    "p75": 1647.56506075,
    "p90": 2353.5937073,
    "p95": 2520.0274946,
    "p99": 2604.33161127,
    "min": 141.58516,
    "max": 2659.5987179999997,
    "std": 677.5173120804156
  },
  "time_to_second_token": {
    "unit": "ms",
    "avg": 73.863608959,
    "p1": 1.7455589599999999,
    "p5": 2.6076674,
    "p10": 3.8067949999999997,
    "p25": 4.814747,
    "p50": 56.036947999999995,
    "p75": 114.64480574999999,
    "p90": 139.93185,
    "p95": 199.51061159999998,
    "p99": 618.29943013,
    "min": 1.3132789999999999,
    "max": 670.750962,
    "std": 106.12319707456454
  },
  "inter_token_latency": {
    "unit": "ms",
    "avg": 9.564100621240323,
    "p1": 4.542813700738255,
    "p5": 6.463618083221476,
    "p10": 7.2232738228187925,
    "p25": 8.567709953020133,
    "p50": 9.497000295302012,
    "p75": 10.635700352348994,
    "p90": 12.117973582550334,
    "p95": 12.412534931543624,
    "p99": 13.157445149463086,
    "min": 4.13682477852349,
    "max": 13.96203155033557,
    "std": 1.7262558395080971
  },
  "output_token_throughput": {
    "unit": "tokens/sec",
    "avg": 3550.002736785114
  },
  "output_token_throughput_per_user": {
    "unit": "tokens/sec/user",
    "avg": 108.51568606093008,
    "p1": 76.002596907428,
    "p5": 80.56372096974587,
    "p10": 82.52204820457696,
    "p25": 94.02297125503983,
    "p50": 105.2964462799856,
    "p75": 116.7173032683666,
    "p90": 138.4413806584003,
    "p95": 154.71211131577613,
    "p99": 220.12789119318415,
    "min": 71.62281480276167,
    "max": 241.73129236499076,
    "std": 23.149102422117593
  },
  "output_sequence_length": {
    "unit": "tokens",
    "avg": 149.98,
    "p1": 149.0,
    "p5": 150.0,
    "p10": 150.0,
    "p25": 150.0,
    "p50": 150.0,
    "p75": 150.0,
    "p90": 150.0,
    "p95": 150.0,
    "p99": 150.0,
    "min": 148.0,
    "max": 150.0,
    "std": 0.17776388834631177
  },
  "input_sequence_length": {
    "unit": "tokens",
    "avg": 400.004,
    "p1": 400.0,
    "p5": 400.0,
    "p10": 400.0,
    "p25": 400.0,
    "p50": 400.0,
    "p75": 400.0,
    "p90": 400.0,
    "p95": 400.0,
    "p99": 400.0,
    "min": 400.0,
    "max": 401.0,
    "std": 0.063118935352238
  },
  "output_token_count": {
    "unit": "tokens",
    "avg": 149.98,
    "p1": 149.0,
    "p5": 150.0,
    "p10": 150.0,
    "p25": 150.0,
    "p50": 150.0,
    "p75": 150.0,
    "p90": 150.0,
    "p95": 150.0,
    "p99": 150.0,
    "min": 148.0,
    "max": 150.0,
    "std": 0.17776388834631177
  },
  "min_request_timestamp": {
    "unit": "ns",
    "avg": 1.7731296332298862e18
  },
  "max_response_timestamp": {
    "unit": "ns",
    "avg": 1.7731296754777408e18
  },
  "inter_chunk_latency": {
    "unit": "ms",
    "avg": 11.514080156824242,
    "p1": 3.49145249,
    "p5": 5.45401855,
    "p10": 6.4285977999999995,
    "p25": 6.982456249999999,
    "p50": 7.231096,
    "p75": 7.510808,
    "p90": 8.624726900000002,
    "p95": 22.222388799999802,
    "p99": 116.20366428999998,
    "min": 0.17340799999999998,
    "max": 670.750962,
    "std": 25.356110471266405
  },
  "total_output_tokens": {
    "unit": "tokens",
    "avg": 149980.0
  },
  "benchmark_duration": {
    "unit": "sec",
    "avg": 42.247854754
  },
  "total_isl": {
    "unit": "tokens",
    "avg": 400004.0
  },
  "total_osl": {
    "unit": "tokens",
    "avg": 149980.0
  },
  "telemetry_data": {
    "summary": {
      "endpoints_configured": [],
      "endpoints_successful": [],
      "start_time": "2026-03-10T08:00:33.226621",
      "end_time": "2026-03-10T08:01:17.491728"
    },
    "endpoints": {},
    "error_summary": []
  },
  "input_config": {
    "endpoint": {
      "model_names": [
        "Qwen/Qwen3-VL-30B-A3B-Instruct-FP8"
      ],
      "streaming": true,
      "urls": [
        "http://qwen3-vl-agg-vllm-serve:8000"
      ]
    },
    "input": {
      "extra": [
        [
          "max_tokens",
          150
        ],
        [
          "min_tokens",
          150
        ],
        [
          "ignore_eos",
          true
        ]
      ],
      "file": "/perf-cache-tmp/datasets/1000req_1img_200pool_400word_base64.jsonl",
      "custom_dataset_type": "single_turn"
    },
    "output": {
      "artifact_directory": "/perf-cache-tmp/artifacts/fp8/gb200/agg-vllm-serve/cache_off/1000req_1img_200pool_400word_base64/c64"
    },
    "loadgen": {
      "concurrency": 64,
      "arrival_pattern": "concurrency_burst",
      "request_count": 1000,
      "warmup_request_count": 3
    },
    "cli_command": "aiperf profile --model 'Qwen/Qwen3-VL-30B-A3B-Instruct-FP8' --input-file '/perf-cache-tmp/datasets/1000req_1img_200pool_400word_base64.jsonl' --custom-dataset-type 'single_turn' --url 'http://qwen3-vl-agg-vllm-serve:8000' --streaming --ui-type None --request-count 1000 --concurrency 64 --warmup-request-count 3 --artifact-dir '/perf-cache-tmp/artifacts/fp8/gb200/agg-vllm-serve/cache_off/1000req_1img_200pool_400word_base64/c64' --extra-inputs 'max_tokens:150' --extra-inputs 'min_tokens:150' --extra-inputs 'ignore_eos:true'",
    "benchmark_id": "2daa5aef-5c77-476f-9b4b-7207d9bb4112"
  },
  "was_cancelled": false,
  "error_summary": [],
  "start_time": "2026-03-10T08:00:33.226621",
  "end_time": "2026-03-10T08:01:15.481374",
  "http_req_connecting": {
    "unit": "ms",
    "avg": 1.8000140109999998,
    "p1": 0.0,
    "p5": 0.0,
    "p10": 0.0,
    "p25": 0.0,
    "p50": 0.0,
    "p75": 0.0,
    "p90": 0.0,
    "p95": 27.625718199999994,
    "p99": 32.60738644,
    "min": 0.0,
    "max": 55.045156999999996,
    "std": 7.332482599232298
  },
  "num_images": {
    "unit": "images",
    "avg": 1.0,
    "p1": 1.0,
    "p5": 1.0,
    "p10": 1.0,
    "p25": 1.0,
    "p50": 1.0,
    "p75": 1.0,
    "p90": 1.0,
    "p95": 1.0,
    "p99": 1.0,
    "min": 1.0,
    "max": 1.0,
    "std": 0.0
  },
  "http_req_data_sent": {
    "unit": "KB",
    "avg": 1028.235619140625,
    "p1": 1028.190419921875,
    "p5": 1028.2041015625,
    "p10": 1028.2109375,
    "p25": 1028.223388671875,
    "p50": 1028.2353515625,
    "p75": 1028.248046875,
    "p90": 1028.259765625,
    "p95": 1028.2685546875,
    "p99": 1028.28125,
    "min": 1028.1640625,
    "max": 1028.294921875,
    "std": 0.019376016996210835
  },
  "http_req_blocked": {
    "unit": "ms",
    "avg": 0.0,
    "p1": 0.0,
    "p5": 0.0,
    "p10": 0.0,
    "p25": 0.0,
    "p50": 0.0,
    "p75": 0.0,
    "p90": 0.0,
    "p95": 0.0,
    "p99": 0.0,
    "min": 0.0,
    "max": 0.0,
    "std": 0.0
  },
  "http_req_sending": {
    "unit": "ms",
    "avg": 2.102416282,
    "p1": 0.15003744,
    "p5": 0.16604639999999998,
    "p10": 0.1780951,
    "p25": 0.22503175,
    "p50": 0.279008,
    "p75": 0.38815924999999996,
    "p90": 0.44023680000000004,
    "p95": 28.024120349999997,
    "p99": 33.18918128,
    "min": 0.13516799999999998,
    "max": 55.644804,
    "std": 7.380386187413473
  },
  "http_req_receiving": {
    "unit": "ms",
    "avg": 1425.542984833,
    "p1": 676.8908430099999,
    "p5": 963.0884047999999,
    "p10": 1076.2766092,
    "p25": 1276.591975,
    "p50": 1415.9783085,
    "p75": 1586.0895747499999,
    "p90": 1805.6251134,