{
  "schema_version": "1.0",
  "aiperf_version": "0.5.0",
  "benchmark_id": "ae879b31-92d4-44ec-b709-96c052392fbd",
  "request_throughput": {
    "unit": "requests/sec",
    "avg": 6.863630241262902
  },
  "request_latency": {
    "unit": "ms",
    "avg": 4633.091662106,
    "p1": 1240.55606469,
    "p5": 1738.32198565,
    "p10": 2172.6534004,
    "p25": 3263.72184475,
    "p50": 4749.0737954999995,
    "p75": 6008.58701225,
    "p90": 6699.6647008,
    "p95": 7116.975646549998,
    "p99": 7636.30062292,
    "min": 947.073577,
    "max": 7723.486132,
    "std": 1676.5699142637322
  },
  "request_count": {
    "unit": "requests",
    "avg": 1000.0
  },
  "time_to_first_token": {
    "unit": "ms",
    "avg": 3081.591251044,
    "p1": 373.00068913999996,
    "p5": 688.1418624,
    "p10": 992.8476353,
    "p25": 2052.5280685,
    "p50": 3132.1504664999998,
    "p75": 4206.027202249999,
    "p90": 5045.4692333,
    "p95": 5359.082187149999,
    "p99": 5754.279222019999,
    "min": 309.203719,
    "max": 5978.816776,
    "std": 1437.064478106428
  },
  "time_to_second_token": {
    "unit": "ms",
    "avg": 47.27686186,
    "p1": 0.0,
    "p5": 1.69757725,
    "p10": 2.3593388,
    "p25": 3.8060912499999997,
    "p50": 30.217343,
    "p75": 79.162466,
    "p90": 107.511353,
    "p95": 139.13817175,
    "p99": 208.23281956,
    "min": 0.0,
    "max": 322.891168,
    "std": 52.360181511545136
  },
  "inter_token_latency": {
    "unit": "ms",
    "avg": 10.775567308561211,
    "p1": 4.44793784696788,
    "p5": 5.574080922483222,
    "p10": 6.521314276645123,
    "p25": 8.413920444630872,
    "p50": 10.93997751470588,
    "p75": 13.198730179297153,
    "p90": 14.894722097135833,
    "p95": 15.853873221739128,
    "p99": 16.879258488979673,
    "min": 3.01821733557047,
    "max": 18.386891964285713,
    "std": 3.1453768057201716
  },
  "output_token_throughput": {
    "unit": "tokens/sec",
    "avg": 997.5874737861152
  },
  "output_token_throughput_per_user": {
    "unit": "tokens/sec/user",
    "avg": 102.92782203307885,
    "p1": 59.244317714487416,
    "p5": 63.0760693547218,
    "p10": 67.13788123625977,
    "p25": 75.7648642955983,
    "p50": 91.40786641555324,
    "p75": 118.85066271564253,
    "p90": 153.34336235151173,
    "p95": 179.4021153864375,
    "p99": 224.8232949783945,
    "min": 54.38657071256946,
    "max": 331.3214022776763,
    "std": 37.54246389505569
  },
  "output_sequence_length": {
    "unit": "tokens",
    "avg": 145.344,
    "p1": 128.99,
    "p5": 137.0,
    "p10": 139.0,
    "p25": 143.0,
    "p50": 147.0,
    "p75": 149.0,
    "p90": 150.0,
    "p95": 150.0,
    "p99": 150.0,
    "min": 121.0,
    "max": 150.0,
    "std": 4.6935768876199315
  },
  "input_sequence_length": {
    "unit": "tokens",
    "avg": 400.005,
    "p1": 400.0,
    "p5": 400.0,
    "p10": 400.0,
    "p25": 400.0,
    "p50": 400.0,
    "p75": 400.0,
    "p90": 400.0,
    "p95": 400.0,
    "p99": 400.0,
    "min": 400.0,
    "max": 401.0,
    "std": 0.07053367989832941
  },
  "output_token_count": {
    "unit": "tokens",
    "avg": 145.344,
    "p1": 128.99,
    "p5": 137.0,
    "p10": 139.0,
    "p25": 143.0,
    "p50": 147.0,
    "p75": 149.0,
    "p90": 150.0,
    "p95": 150.0,
    "p99": 150.0,
    "min": 121.0,
    "max": 150.0,
    "std": 4.6935768876199315
  },
  "min_request_timestamp": {
    "unit": "ns",
    "avg": 1.7731286567752297e18
  },
  "max_response_timestamp": {
    "unit": "ns",
    "avg": 1.7731288024707238e18
  },
  "inter_chunk_latency": {
    "unit": "ms",
    "avg": 11.597835253687162,
    "p1": 0.0,
    "p5": 0.0,
    "p10": 0.0,
    "p25": 4.892746499999999,
    "p50": 6.156568999999999,
    "p75": 7.0310485,
    "p90": 24.89319480000004,
    "p95": 63.50555339999982,
    "p99": 112.53049280000005,
    "min": 0.0,
    "max": 533.413817,
    "std": 25.708650226201204
  },
  "total_output_tokens": {
    "unit": "tokens",
    "avg": 145344.0
  },
  "benchmark_duration": {
    "unit": "sec",
    "avg": 145.695494199
  },
  "total_isl": {
    "unit": "tokens",
    "avg": 400005.0
  },
  "total_osl": {
    "unit": "tokens",
    "avg": 145344.0
  },
  "telemetry_data": {
    "summary": {
      "endpoints_configured": [],
      "endpoints_successful": [],
      "start_time": "2026-03-10T07:44:16.770671",
      "end_time": "2026-03-10T07:46:42.474041"
    },
    "endpoints": {},
    "error_summary": []
  },
  "input_config": {
    "endpoint": {
      "model_names": [
        "Qwen/Qwen3-VL-30B-A3B-Instruct-FP8"
      ],
      "streaming": true,
      "url": "http://qwen3-vl-disagg-gb200-frontend:8000"
    },
    "input": {
      "extra": [
        [
          "max_tokens",
          150
        ],
        [
          "min_tokens",
          150
        ],
        [
          "ignore_eos",
          true
        ]
      ],
      "file": "/perf-cache-tmp/datasets/1000req_3img_200pool_400word_base64.jsonl",
      "custom_dataset_type": "single_turn"
    },
    "output": {
      "artifact_directory": "/perf-cache-tmp/artifacts/fp8/gb200/disagg/cache_off/1000req_3img_200pool_400word_base64/c32"
    },
    "loadgen": {
      "concurrency": 32,
      "arrival_pattern": "concurrency_burst",
      "request_count": 1000,
      "warmup_request_count": 5
    },
    "cli_command": "aiperf profile --model 'Qwen/Qwen3-VL-30B-A3B-Instruct-FP8' --input-file '/perf-cache-tmp/datasets/1000req_3img_200pool_400word_base64.jsonl' --custom-dataset-type 'single_turn' --url 'http://qwen3-vl-disagg-gb200-frontend:8000' --streaming --ui-type None --request-count 1000 --concurrency 32 --warmup-request-count 5 --artifact-dir '/perf-cache-tmp/artifacts/fp8/gb200/disagg/cache_off/1000req_3img_200pool_400word_base64/c32' --extra-inputs 'max_tokens:150' --extra-inputs 'min_tokens:150' --extra-inputs 'ignore_eos:true'",
    "benchmark_id": "ae879b31-92d4-44ec-b709-96c052392fbd"
  },
  "was_cancelled": false,
  "error_summary": [],
  "start_time": "2026-03-10T07:44:16.770671",
  "end_time": "2026-03-10T07:46:42.474041",
  "http_req_waiting": {
    "unit": "ms",
    "avg": 3079.93304517,
    "p1": 372.48147157999995,
    "p5": 687.0789411500001,
    "p10": 992.3183905999999,
    "p25": 2051.8916455,
    "p50": 3131.5350584999996,
    "p75": 4199.74994525,
    "p90": 5044.933435,
    "p95": 5358.34919295,
    "p99": 5753.088490859999,
    "min": 308.688071,
    "max": 5977.829226,
    "std": 1435.9538837366208
  },
  "http_req_sending": {
    "unit": "ms",
    "avg": 1.514673108,
    "p1": 0.38859583,
    "p5": 0.4085904,
    "p10": 0.4279104,
    "p25": 0.469256,
    "p50": 0.5994875,
    "p75": 0.739111,
    "p90": 0.876031,
    "p95": 0.9750549999999991,
    "p99": 34.0556606,
    "min": 0.360512,
    "max": 34.843802,
    "std": 5.3871097405894925
  },
  "http_req_chunks_sent": {
    "unit": "count",
    "avg": 1.0,
    "p1": 1.0,
    "p5": 1.0,
    "p10": 1.0,
    "p25": 1.0,
    "p50": 1.0,
    "p75": 1.0,
    "p90": 1.0,
    "p95": 1.0,
    "p99": 1.0,
    "min": 1.0,
    "max": 1.0,
    "std": 0.0
  },
  "http_req_connecting": {
    "unit": "ms",
    "avg": 0.887917338,
    "p1": 0.0,
    "p5": 0.0,
    "p10": 0.0,
    "p25": 0.0,
    "p50": 0.0,
    "p75": 0.0,
    "p90": 0.0,
    "p95": 0.0,
    "p99": 33.182652,
    "min": 0.0,
    "max": 33.924507,
    "std": 5.331102323501051
  },
  "http_req_receiving": {
    "unit": "ms",
    "avg": 1555.289842836,
    "p1": 653.14575783,
    "p5": 824.2463892999999,
    "p10": 935.6853336,
    "p25": 1244.72757275,
    "p50": 1563.3920429999998,
    "p75": 1892.22700975,
    "p90": 2138.4718477,
    "p95": 2246.8108639,
    "p99": 2412.98775563,
    "min": 449.73409499999997,
    "max": 2574.681162,
    "std": 440.56672029376637
  },
  "http_req_blocked": {
    "unit": "ms",
    "avg": 0.0,
    "p1": 0.0,
    "p5": 0.0,
    "p10": 0.0,
    "p25": 0.0,
    "p50": 0.0,
    "p75": 0.0,
    "p90": 0.0,
    "p95": 0.0,
    "p99": 0.0,
    "min": 0.0,
    "max": 0.0,
    "std": 0.0
  },