{
  "schema_version": "1.0",
  "aiperf_version": "0.6.0",
  "benchmark_id": "7af98cdb-3d1c-4ce1-b9d7-ca2c1453071a",
  "request_throughput": {
    "unit": "requests/sec",
    "avg": 21.50475930687106
  },
  "request_latency": {
    "unit": "ms",
    "avg": 2936.816635623,
    "p1": 2087.92382599,
    "p5": 2269.61906475,
    "p10": 2415.0692255999998,
    "p25": 2700.310317,
    "p50": 2906.4101275,
    "p75": 3187.24686425,
    "p90": 3519.0159995,
    "p95": 3639.7512581999995,
    "p99": 3747.81421388,
    "min": 1928.244504,
    "max": 3751.8433489999998,
    "std": 399.94225983025075
  },
  "request_count": {
    "unit": "requests",
    "avg": 1000.0
  },
  "time_to_first_token": {
    "unit": "ms",
    "avg": 813.7713427929999,
    "p1": 122.55988608,
    "p5": 203.90764495,
    "p10": 246.90575959999998,
    "p25": 405.34359,
    "p50": 825.297411,
    "p75": 1099.437915,
    "p90": 1319.6955532,
    "p95": 1697.2799172,
    "p99": 2059.91620057,
    "min": 111.389038,
    "max": 2072.299827,
    "std": 453.84851707798384
  },
  "time_to_second_token": {
    "unit": "ms",
    "avg": 49.602773639,
    "p1": 0.0,
    "p5": 1.455048,
    "p10": 3.1090475000000004,
    "p25": 4.6235539999999995,
    "p50": 8.255124,
    "p75": 105.35501174999999,
    "p90": 130.31740459999997,
    "p95": 150.60198664999996,
    "p99": 219.83530156,
    "min": 0.0,
    "max": 370.114104,
    "std": 59.45209542501461
  },
  "inter_token_latency": {
    "unit": "ms",
    "avg": 14.250113503294205,
    "p1": 7.289746664966442,
    "p5": 9.77704495738255,
    "p10": 12.04192960671141,
    "p25": 13.52665497986577,
    "p50": 14.589868234899328,
    "p75": 15.487827640939596,
    "p90": 16.45643852885906,
    "p95": 16.97336780838926,
    "p99": 17.941858366778522,
    "min": 7.281019966442953,
    "max": 19.18641133557047,
    "std": 2.1241539133653737
  },
  "output_token_throughput": {
    "unit": "tokens/sec",
    "avg": 3225.3913246410557
  },
  "output_token_throughput_per_user": {
    "unit": "tokens/sec/user",
    "avg": 72.34528979746133,
    "p1": 55.73558655738254,
    "p5": 58.91582738741714,
    "p10": 60.76648973052269,
    "p25": 64.56683527758233,
    "p50": 68.54071506471242,
    "p75": 73.9281078117036,
    "p90": 83.0431700448427,
    "p95": 102.28055109921819,
    "p99": 137.17897835976436,
    "min": 52.120221051763814,
    "max": 137.34339482776298,
    "std": 15.174966451290878
  },
  "output_sequence_length": {
    "unit": "tokens",
    "avg": 149.985,
    "p1": 149.0,
    "p5": 150.0,
    "p10": 150.0,
    "p25": 150.0,
    "p50": 150.0,
    "p75": 150.0,
    "p90": 150.0,
    "p95": 150.0,
    "p99": 150.0,
    "min": 148.0,
    "max": 150.0,
    "std": 0.12951833846988617
  },
  "input_sequence_length": {
    "unit": "tokens",
    "avg": 400.008,
    "p1": 400.0,
    "p5": 400.0,
    "p10": 400.0,
    "p25": 400.0,
    "p50": 400.0,
    "p75": 400.0,
    "p90": 400.0,
    "p95": 400.0,
    "p99": 400.0,
    "min": 400.0,
    "max": 401.0,
    "std": 0.08908422980528036
  },
  "output_token_count": {
    "unit": "tokens",
    "avg": 149.985,
    "p1": 149.0,
    "p5": 150.0,
    "p10": 150.0,
    "p25": 150.0,
    "p50": 150.0,
    "p75": 150.0,
    "p90": 150.0,
    "p95": 150.0,
    "p99": 150.0,
    "min": 148.0,
    "max": 150.0,
    "std": 0.12951833846988617
  },
  "min_request_timestamp": {
    "unit": "ns",
    "avg": 1.7731211506336712e18
  },
  "max_response_timestamp": {
    "unit": "ns",
    "avg": 1.7731211971350054e18
  },
  "inter_chunk_latency": {
    "unit": "ms",
    "avg": 15.020838353120135,
    "p1": 0.0,
    "p5": 0.0,
    "p10": 1.5604490000000013,
    "p25": 5.85405,
    "p50": 7.417539,
    "p75": 8.654283249999999,
    "p90": 21.533122600000073,
    "p95": 89.20368499999996,
    "p99": 129.4326990299999,
    "min": 0.0,
    "max": 632.847076,
    "std": 30.245758943042848
  },
  "total_output_tokens": {
    "unit": "tokens",
    "avg": 149985.0
  },
  "benchmark_duration": {
    "unit": "sec",
    "avg": 46.501334227
  },
  "total_isl": {
    "unit": "tokens",
    "avg": 400008.0
  },
  "total_osl": {
    "unit": "tokens",
    "avg": 149985.0
  },
  "telemetry_data": {
    "summary": {
      "endpoints_configured": [],
      "endpoints_successful": [],
      "start_time": "2026-03-10T05:39:10.629404",
      "end_time": "2026-03-10T05:39:59.148960"
    },
    "endpoints": {},
    "error_summary": []
  },
  "input_config": {
    "endpoint": {
      "model_names": [
        "Qwen/Qwen3-VL-30B-A3B-Instruct-FP8"
      ],
      "streaming": true,
      "urls": [
        "http://qwen3-vl-agg-gb200-frontend:8000"
      ]
    },
    "input": {
      "extra": [
        [
          "max_tokens",
          150
        ],
        [
          "min_tokens",
          150
        ],
        [
          "ignore_eos",
          true
        ]
      ],
      "file": "/perf-cache/datasets/1000req_1img_200pool_400word_base64.jsonl",
      "custom_dataset_type": "single_turn"
    },
    "output": {
      "artifact_directory": "/perf-cache/artifacts/fp8/gb200/agg/cache_off/1000req_1img_200pool_400word_base64/c64"
    },
    "loadgen": {
      "concurrency": 64,
      "arrival_pattern": "concurrency_burst",
      "request_count": 1000,
      "warmup_request_count": 3
    },
    "cli_command": "aiperf profile --model 'Qwen/Qwen3-VL-30B-A3B-Instruct-FP8' --input-file '/perf-cache/datasets/1000req_1img_200pool_400word_base64.jsonl' --custom-dataset-type 'single_turn' --url 'http://qwen3-vl-agg-gb200-frontend:8000' --streaming --ui-type None --request-count 1000 --concurrency 64 --warmup-request-count 3 --artifact-dir '/perf-cache/artifacts/fp8/gb200/agg/cache_off/1000req_1img_200pool_400word_base64/c64' --extra-inputs 'max_tokens:150' --extra-inputs 'min_tokens:150' --extra-inputs 'ignore_eos:true'",
    "benchmark_id": "7af98cdb-3d1c-4ce1-b9d7-ca2c1453071a"
  },
  "was_cancelled": false,
  "error_summary": [],
  "start_time": "2026-03-10T05:39:10.629404",
  "end_time": "2026-03-10T05:39:57.139423",
  "http_req_connecting": {
    "unit": "ms",
    "avg": 1.8014475549999998,
    "p1": 0.0,
    "p5": 0.0,
    "p10": 0.0,
    "p25": 0.0,
    "p50": 0.0,
    "p75": 0.0,
    "p90": 0.0,
    "p95": 27.662447799999995,
    "p99": 32.89874616,
    "min": 0.0,
    "max": 55.656150999999994,
    "std": 7.344421143641326
  },
  "http_req_blocked": {
    "unit": "ms",
    "avg": 0.0,
    "p1": 0.0,
    "p5": 0.0,
    "p10": 0.0,
    "p25": 0.0,
    "p50": 0.0,
    "p75": 0.0,
    "p90": 0.0,
    "p95": 0.0,
    "p99": 0.0,
    "min": 0.0,
    "max": 0.0,
    "std": 0.0
  },
  "http_req_dns_lookup": {
    "unit": "ms",
    "avg": 0.8892710859999999,
    "p1": 0.0,
    "p5": 0.0,
    "p10": 0.0,
    "p25": 0.0,
    "p50": 0.0,
    "p75": 0.0,
    "p90": 0.0,
    "p95": 0.0,
    "p99": 30.81912052,
    "min": 0.0,
    "max": 31.695117,
    "std": 5.146506850377267
  },
  "http_req_sending": {
    "unit": "ms",
    "avg": 2.126052645,
    "p1": 0.14713568,
    "p5": 0.16708479999999998,
    "p10": 0.19579839999999998,
    "p25": 0.236584,
    "p50": 0.316064,
    "p75": 0.39097624999999997,
    "p90": 0.5168041,
    "p95": 28.031354999999994,
    "p99": 33.338789039999995,
    "min": 0.140096,
    "max": 56.096118999999995,
    "std": 7.3750953663174155
  },
  "http_req_receiving": {
    "unit": "ms",
    "avg": 2133.356475883,
    "p1": 1088.3162783599998,
    "p5": 1465.3958019,
    "p10": 1794.2993866,
    "p25": 2022.090287,
    "p50": 2186.9131095,
    "p75": 2327.2298312499997,
    "p90": 2461.4974441,
    "p95": 2538.21652,
    "p99": 2674.15383238,
    "min": 1085.204295,
    "max": 2862.232059,
    "std": 317.1975799095293
  },
  "http_req_waiting": {
    "unit": "ms",
    "avg": 811.541990353,
    "p1": 122.09755004,
    "p5": 203.6171873,
    "p10": 246.5720572,
    "p25": 405.018574,
    "p50": 824.808403,
    "p75": 1099.062811,
    "p90": 1319.1445091,
    "p95": 1665.6635688,
    "p99": 2029.80984552,
    "min": 110.924174,