{
  "schema_version": "1.0",
  "aiperf_version": "0.6.0",
  "benchmark_id": "93d147cf-c3e1-4da5-829e-5db626a0467f",
  "request_throughput": {
    "unit": "requests/sec",
    "avg": 28.88070440127911
  },
  "request_latency": {
    "unit": "ms",
    "avg": 4326.865795519,
    "p1": 1653.66480796,
    "p5": 2587.9958008,
    "p10": 3097.9110393,
    "p25": 3936.4340374999997,
    "p50": 4417.7447329999995,
    "p75": 4922.68482325,
    "p90": 5506.3963001,
    "p95": 5568.211517399999,
    "p99": 5915.782129239999,
    "min": 1414.005708,
    "max": 5922.007976999999,
    "std": 864.3954628440262
  },
  "request_count": {
    "unit": "requests",
    "avg": 1000.0
  },
  "time_to_first_token": {
    "unit": "ms",
    "avg": 1626.415050951,
    "p1": 216.36865153999997,
    "p5": 350.17870015,
    "p10": 457.87776720000005,
    "p25": 994.2965419999999,
    "p50": 1645.7762045,
    "p75": 2053.348966,
    "p90": 3090.5934055999996,
    "p95": 3225.9948099999997,
    "p99": 3717.37727719,
    "min": 136.024793,
    "max": 3731.013895,
    "std": 855.0049610060064
  },
  "time_to_second_token": {
    "unit": "ms",
    "avg": 91.07202357099999,
    "p1": 0.0,
    "p5": 0.0,
    "p10": 4.1469556,
    "p25": 8.849852,
    "p50": 73.06537449999999,
    "p75": 123.57441899999999,
    "p90": 139.7010128,
    "p95": 392.37808624999997,
    "p99": 731.35889572,
    "min": 0.0,
    "max": 1198.341829,
    "std": 120.77270254771749
  },
  "inter_token_latency": {
    "unit": "ms",
    "avg": 18.123933428114636,
    "p1": 8.081694685302013,
    "p5": 14.205021004362418,
    "p10": 14.707855812751678,
    "p25": 16.049476738255034,
    "p50": 18.001330013422816,
    "p75": 20.138381261744968,
    "p90": 22.462983732214763,
    "p95": 23.61899385234899,
    "p99": 25.37120970416107,
    "min": 7.61777154362416,
    "max": 29.27029383892617,
    "std": 3.3054705297409632
  },
  "output_token_throughput": {
    "unit": "tokens/sec",
    "avg": 4332.0767794874655
  },
  "output_token_throughput_per_user": {
    "unit": "tokens/sec/user",
    "avg": 57.46436749576752,
    "p1": 39.414754427794584,
    "p5": 42.3388177842952,
    "p10": 44.517686072666386,
    "p25": 49.65642546321145,
    "p50": 55.55145346928603,
    "p75": 62.30732730231344,
    "p90": 67.99087594660537,
    "p95": 70.41241090096118,
    "p99": 123.73643583772855,
    "min": 34.16433075468868,
    "max": 131.27198607537252,
    "std": 13.64121514497955
  },
  "output_sequence_length": {
    "unit": "tokens",
    "avg": 149.999,
    "p1": 150.0,
    "p5": 150.0,
    "p10": 150.0,
    "p25": 150.0,
    "p50": 150.0,
    "p75": 150.0,
    "p90": 150.0,
    "p95": 150.0,
    "p99": 150.0,
    "min": 149.0,
    "max": 150.0,
    "std": 0.03160696125855822
  },
  "input_sequence_length": {
    "unit": "tokens",
    "avg": 400.008,
    "p1": 400.0,
    "p5": 400.0,
    "p10": 400.0,
    "p25": 400.0,
    "p50": 400.0,
    "p75": 400.0,
    "p90": 400.0,
    "p95": 400.0,
    "p99": 400.0,
    "min": 400.0,
    "max": 401.0,
    "std": 0.08908422980528036
  },
  "output_token_count": {
    "unit": "tokens",
    "avg": 149.999,
    "p1": 150.0,
    "p5": 150.0,
    "p10": 150.0,
    "p25": 150.0,
    "p50": 150.0,
    "p75": 150.0,
    "p90": 150.0,
    "p95": 150.0,
    "p99": 150.0,
    "min": 149.0,
    "max": 150.0,
    "std": 0.03160696125855822
  },
  "min_request_timestamp": {
    "unit": "ns",
    "avg": 1.773121645291609e18
  },
  "max_response_timestamp": {
    "unit": "ns",
    "avg": 1.7731216799168033e18
  },
  "inter_chunk_latency": {
    "unit": "ms",
    "avg": 21.959704525123403,
    "p1": 0.0,
    "p5": 0.0,
    "p10": 0.0,
    "p25": 6.572738999999999,
    "p50": 9.343843999999999,
    "p75": 11.744292999999999,
    "p90": 54.13288700000001,
    "p95": 115.72924439999997,
    "p99": 277.06634759999974,
    "min": 0.0,
    "max": 1198.341829,
    "std": 51.14465333672889
  },
  "total_output_tokens": {
    "unit": "tokens",
    "avg": 149999.0
  },
  "benchmark_duration": {
    "unit": "sec",
    "avg": 34.625194251
  },
  "total_isl": {
    "unit": "tokens",
    "avg": 400008.0
  },
  "total_osl": {
    "unit": "tokens",
    "avg": 149999.0
  },
  "telemetry_data": {
    "summary": {
      "endpoints_configured": [],
      "endpoints_successful": [],
      "start_time": "2026-03-10T05:47:25.287406",
      "end_time": "2026-03-10T05:48:01.929541"
    },
    "endpoints": {},
    "error_summary": []
  },
  "input_config": {
    "endpoint": {
      "model_names": [
        "Qwen/Qwen3-VL-30B-A3B-Instruct-FP8"
      ],
      "streaming": true,
      "urls": [
        "http://qwen3-vl-agg-gb200-frontend:8000"
      ]
    },
    "input": {
      "extra": [
        [
          "max_tokens",
          150
        ],
        [
          "min_tokens",
          150
        ],
        [
          "ignore_eos",
          true
        ]
      ],
      "file": "/perf-cache/datasets/1000req_1img_200pool_400word_base64.jsonl",
      "custom_dataset_type": "single_turn"
    },
    "output": {
      "artifact_directory": "/perf-cache/artifacts/fp8/gb200/agg/cache_off/1000req_1img_200pool_400word_base64/c128"
    },
    "loadgen": {
      "concurrency": 128,
      "arrival_pattern": "concurrency_burst",
      "request_count": 1000,
      "warmup_request_count": 3
    },
    "cli_command": "aiperf profile --model 'Qwen/Qwen3-VL-30B-A3B-Instruct-FP8' --input-file '/perf-cache/datasets/1000req_1img_200pool_400word_base64.jsonl' --custom-dataset-type 'single_turn' --url 'http://qwen3-vl-agg-gb200-frontend:8000' --streaming --ui-type None --request-count 1000 --concurrency 128 --warmup-request-count 3 --artifact-dir '/perf-cache/artifacts/fp8/gb200/agg/cache_off/1000req_1img_200pool_400word_base64/c128' --extra-inputs 'max_tokens:150' --extra-inputs 'min_tokens:150' --extra-inputs 'ignore_eos:true'",
    "benchmark_id": "93d147cf-c3e1-4da5-829e-5db626a0467f"
  },
  "was_cancelled": false,
  "error_summary": [],
  "start_time": "2026-03-10T05:47:25.287406",
  "end_time": "2026-03-10T05:47:59.920228",
  "http_req_receiving": {
    "unit": "ms",
    "avg": 2725.995780669,
    "p1": 1261.01138131,
    "p5": 2117.08293945,
    "p10": 2204.756597,
    "p25": 2426.124398,
    "p50": 2703.8296845,
    "p75": 3011.4676925,
    "p90": 3357.1245064,
    "p95": 3555.5868502,
    "p99": 3780.52571633,
    "min": 1135.478361,
    "max": 4373.9764749999995,
    "std": 476.20890743009375
  },
  "http_req_chunks_sent": {
    "unit": "count",
    "avg": 1.0,
    "p1": 1.0,
    "p5": 1.0,
    "p10": 1.0,
    "p25": 1.0,
    "p50": 1.0,
    "p75": 1.0,
    "p90": 1.0,
    "p95": 1.0,
    "p99": 1.0,
    "min": 1.0,
    "max": 1.0,
    "std": 0.0
  },
  "num_images": {
    "unit": "images",
    "avg": 1.0,
    "p1": 1.0,
    "p5": 1.0,
    "p10": 1.0,
    "p25": 1.0,
    "p50": 1.0,
    "p75": 1.0,
    "p90": 1.0,
    "p95": 1.0,
    "p99": 1.0,
    "min": 1.0,
    "max": 1.0,
    "std": 0.0
  },
  "http_req_connecting": {
    "unit": "ms",
    "avg": 3.351428785,
    "p1": 0.0,
    "p5": 0.0,
    "p10": 0.0,
    "p25": 0.0,
    "p50": 0.0,
    "p75": 0.0,
    "p90": 23.9816132,
    "p95": 27.480577399999998,
    "p99": 34.949517039999996,
    "min": 0.0,
    "max": 46.146899,
    "std": 9.311976206331547
  },
  "http_req_blocked": {
    "unit": "ms",
    "avg": 0.0,
    "p1": 0.0,
    "p5": 0.0,
    "p10": 0.0,
    "p25": 0.0,
    "p50": 0.0,
    "p75": 0.0,
    "p90": 0.0,
    "p95": 0.0,
    "p99": 0.0,
    "min": 0.0,
    "max": 0.0,
    "std": 0.0
  },
  "http_req_dns_lookup": {
    "unit": "ms",
    "avg": 0.8869967129999999,
    "p1": 0.0,
    "p5": 0.0,
    "p10": 0.0,
    "p25": 0.0,
    "p50": 0.0,
    "p75": 0.0,
    "p90": 0.0,
    "p95": 0.0,
    "p99": 30.650816189999997,
    "min": 0.0,
    "max": 31.418827999999998,
    "std": 5.133336922931835
  },
  "http_req_duration": {
    "unit": "ms",
    "avg": 4352.304535126,
    "p1": 1654.7915558399998,
    "p5": 2819.369257,
    "p10": 3099.0313306,