{
  "schema_version": "1.0",
  "aiperf_version": "0.6.0",
  "benchmark_id": "111ba59d-3d46-4749-be56-0ae11f54af04",
  "request_throughput": {
    "unit": "requests/sec",
    "avg": 16.676728187887914
  },
  "request_latency": {
    "unit": "ms",
    "avg": 1910.8691260009998,
    "p1": 1273.85048552,
    "p5": 1484.3131099999998,
    "p10": 1576.9479886,
    "p25": 1721.1211684999998,
    "p50": 1870.309519,
    "p75": 2027.96677175,
    "p90": 2257.7295099,
    "p95": 2579.3633984999997,
    "p99": 2811.9495254,
    "min": 1178.027805,
    "max": 2814.4793409999997,
    "std": 298.2307581513819
  },
  "request_count": {
    "unit": "requests",
    "avg": 1000.0
  },
  "time_to_first_token": {
    "unit": "ms",
    "avg": 633.826821777,
    "p1": 152.07018156,
    "p5": 241.28102335000003,
    "p10": 281.45055290000005,
    "p25": 440.06404225,
    "p50": 627.1733025,
    "p75": 746.8601337499999,
    "p90": 1006.0007949,
    "p95": 1183.7791239,
    "p99": 1335.6493032,
    "min": 99.80347599999999,
    "max": 1337.845329,
    "std": 268.01222117023707
  },
  "time_to_second_token": {
    "unit": "ms",
    "avg": 27.425533793,
    "p1": 1.20447836,
    "p5": 1.8233371999999999,
    "p10": 2.2685547999999995,
    "p25": 3.53637275,
    "p50": 4.4305875,
    "p75": 5.380394,
    "p90": 121.4679073,
    "p95": 127.2968588,
    "p99": 139.12581630999998,
    "min": 0.679039,
    "max": 168.00004199999998,
    "std": 47.35365370904518
  },
  "inter_token_latency": {
    "unit": "ms",
    "avg": 8.571127923255844,
    "p1": 6.398394924563759,
    "p5": 6.577891475167784,
    "p10": 6.92455042147651,
    "p25": 7.82274947147651,
    "p50": 8.658062013422818,
    "p75": 9.47829589261745,
    "p90": 10.181323891275166,
    "p95": 10.453558967785233,
    "p99": 11.036696237315436,
    "min": 4.083723013422818,
    "max": 11.636781335570468,
    "std": 1.1937880610240172
  },
  "output_token_throughput": {
    "unit": "tokens/sec",
    "avg": 2501.3924910858723
  },
  "output_token_throughput_per_user": {
    "unit": "tokens/sec/user",
    "avg": 119.0779268112166,
    "p1": 90.60682786146118,
    "p5": 95.66120046705548,
    "p10": 98.21905389654567,
    "p25": 105.50419731851738,
    "p50": 115.49928825008763,
    "p75": 127.83264441391837,
    "p90": 144.41370762567567,
    "p95": 152.02439927370492,
    "p99": 156.2891962428585,
    "min": 85.93441529602971,
    "max": 244.87459034638064,
    "std": 17.582954383651348
  },
  "output_sequence_length": {
    "unit": "tokens",
    "avg": 149.993,
    "p1": 150.0,
    "p5": 150.0,
    "p10": 150.0,
    "p25": 150.0,
    "p50": 150.0,
    "p75": 150.0,
    "p90": 150.0,
    "p95": 150.0,
    "p99": 150.0,
    "min": 148.0,
    "max": 150.0,
    "std": 0.10464702575802144
  },
  "input_sequence_length": {
    "unit": "tokens",
    "avg": 400.004,
    "p1": 400.0,
    "p5": 400.0,
    "p10": 400.0,
    "p25": 400.0,
    "p50": 400.0,
    "p75": 400.0,
    "p90": 400.0,
    "p95": 400.0,
    "p99": 400.0,
    "min": 400.0,
    "max": 401.0,
    "std": 0.06311893535223799
  },
  "output_token_count": {
    "unit": "tokens",
    "avg": 149.993,
    "p1": 150.0,
    "p5": 150.0,
    "p10": 150.0,
    "p25": 150.0,
    "p50": 150.0,
    "p75": 150.0,
    "p90": 150.0,
    "p95": 150.0,
    "p99": 150.0,
    "min": 148.0,
    "max": 150.0,
    "std": 0.10464702575802144
  },
  "min_request_timestamp": {
    "unit": "ns",
    "avg": 1.773129171443568e18
  },
  "max_response_timestamp": {
    "unit": "ns",
    "avg": 1.7731292314073684e18
  },
  "inter_chunk_latency": {
    "unit": "ms",
    "avg": 9.158626927221091,
    "p1": 2.152454,
    "p5": 4.511826999999999,
    "p10": 5.87601,
    "p25": 6.250353,
    "p50": 6.480441,
    "p75": 6.64111225,
    "p90": 6.9163445,
    "p95": 11.414588,
    "p99": 119.42921559999999,
    "min": 0.0,
    "max": 577.966282,
    "std": 18.128587961670725
  },
  "total_output_tokens": {
    "unit": "tokens",
    "avg": 149993.0
  },
  "benchmark_duration": {
    "unit": "sec",
    "avg": 59.963800377000005
  },
  "total_isl": {
    "unit": "tokens",
    "avg": 400004.0
  },
  "total_osl": {
    "unit": "tokens",
    "avg": 149993.0
  },
  "telemetry_data": {
    "summary": {
      "endpoints_configured": [],
      "endpoints_successful": [],
      "start_time": "2026-03-10T07:52:51.440526",
      "end_time": "2026-03-10T07:53:53.418997"
    },
    "endpoints": {},
    "error_summary": []
  },
  "input_config": {
    "endpoint": {
      "model_names": [
        "Qwen/Qwen3-VL-30B-A3B-Instruct-FP8"
      ],
      "streaming": true,
      "urls": [
        "http://qwen3-vl-agg-vllm-serve:8000"
      ]
    },
    "input": {
      "extra": [
        [
          "max_tokens",
          150
        ],
        [
          "min_tokens",
          150
        ],
        [
          "ignore_eos",
          true
        ]
      ],
      "file": "/perf-cache-tmp/datasets/1000req_1img_200pool_400word_base64.jsonl",
      "custom_dataset_type": "single_turn"
    },
    "output": {
      "artifact_directory": "/perf-cache-tmp/artifacts/fp8/gb200/agg-vllm-serve/cache_off/1000req_1img_200pool_400word_base64/c32"
    },
    "loadgen": {
      "concurrency": 32,
      "arrival_pattern": "concurrency_burst",
      "request_count": 1000,
      "warmup_request_count": 3
    },
    "cli_command": "aiperf profile --model 'Qwen/Qwen3-VL-30B-A3B-Instruct-FP8' --input-file '/perf-cache-tmp/datasets/1000req_1img_200pool_400word_base64.jsonl' --custom-dataset-type 'single_turn' --url 'http://qwen3-vl-agg-vllm-serve:8000' --streaming --ui-type None --request-count 1000 --concurrency 32 --warmup-request-count 3 --artifact-dir '/perf-cache-tmp/artifacts/fp8/gb200/agg-vllm-serve/cache_off/1000req_1img_200pool_400word_base64/c32' --extra-inputs 'max_tokens:150' --extra-inputs 'min_tokens:150' --extra-inputs 'ignore_eos:true'",
    "benchmark_id": "111ba59d-3d46-4749-be56-0ae11f54af04"
  },
  "was_cancelled": false,
  "error_summary": [],
  "start_time": "2026-03-10T07:52:51.440526",
  "end_time": "2026-03-10T07:53:51.409775",
  "http_req_connecting": {
    "unit": "ms",
    "avg": 0.909900868,
    "p1": 0.0,
    "p5": 0.0,
    "p10": 0.0,
    "p25": 0.0,
    "p50": 0.0,
    "p75": 0.0,
    "p90": 0.0,
    "p95": 0.0,
    "p99": 31.75826584,
    "min": 0.0,
    "max": 32.097916999999995,
    "std": 5.265834836738715
  },
  "http_req_chunks_received": {
    "unit": "count",
    "avg": 140.843,
    "p1": 57.0,
    "p5": 107.0,
    "p10": 126.9,
    "p25": 141.0,
    "p50": 146.0,
    "p75": 149.0,
    "p90": 150.0,
    "p95": 150.0,
    "p99": 150.0,
    "min": 25.0,
    "max": 150.0,
    "std": 16.5239326735496
  },
  "http_req_dns_lookup": {
    "unit": "ms",
    "avg": 0.8871423989999999,
    "p1": 0.0,
    "p5": 0.0,
    "p10": 0.0,
    "p25": 0.0,
    "p50": 0.0,
    "p75": 0.0,
    "p90": 0.0,
    "p95": 0.0,
    "p99": 31.00345723,
    "min": 0.0,
    "max": 31.306013999999998,
    "std": 5.134188340804612
  },
  "http_req_blocked": {
    "unit": "ms",
    "avg": 0.0,
    "p1": 0.0,
    "p5": 0.0,
    "p10": 0.0,
    "p25": 0.0,
    "p50": 0.0,
    "p75": 0.0,
    "p90": 0.0,
    "p95": 0.0,
    "p99": 0.0,
    "min": 0.0,
    "max": 0.0,
    "std": 0.0
  },
  "http_req_data_received": {
    "unit": "KB",
    "avg": 37.0218369140625,
    "p1": 15.5778125,
    "p5": 28.424658203125,
    "p10": 33.45244140625,
    "p25": 37.115234375,
    "p50": 38.36474609375,
    "p75": 39.04638671875,
    "p90": 39.36142578125,
    "p95": 39.3876953125,
    "p99": 39.42873046875,
    "min": 7.375,
    "max": 39.4873046875,
    "std": 4.229183154571802
  },
  "http_req_chunks_sent": {
    "unit": "count",
    "avg": 1.0,
    "p1": 1.0,
    "p5": 1.0,
    "p10": 1.0,
    "p25": 1.0,
    "p50": 1.0,
    "p75": 1.0,
    "p90": 1.0,
    "p95": 1.0,
    "p99": 1.0,
    "min": 1.0,
    "max": 1.0,
    "std": 0.0
  },
  "http_req_data_sent": {
    "unit": "KB",
    "avg": 1028.235619140625,
    "p1": 1028.190419921875,