{
  "schema_version": "1.0",
  "aiperf_version": "0.5.0",
  "benchmark_id": "ff526fc9-3e57-4a90-97f6-ebc3e943512d",
  "request_throughput": {
    "unit": "requests/sec",
    "avg": 13.665820055705288
  },
  "request_latency": {
    "unit": "ms",
    "avg": 2315.694438963746,
    "p1": 1416.73694768,
    "p5": 2020.3060112,
    "p10": 2071.4515248,
    "p25": 2139.9763789999997,
    "p50": 2216.669936,
    "p75": 2384.296695,
    "p90": 2758.0530396000004,
    "p95": 2976.242656,
    "p99": 3973.716987440001,
    "min": 994.592361,
    "max": 4144.65694,
    "std": 385.73395884340533
  },
  "request_count": {
    "unit": "requests",
    "avg": 993.0
  },
  "time_to_first_token": {
    "unit": "ms",
    "avg": 303.2775097593152,
    "p1": 95.53471384,
    "p5": 103.7432698,
    "p10": 143.54601319999998,
    "p25": 158.31257599999998,
    "p50": 173.179104,
    "p75": 242.08740699999998,
    "p90": 570.6801930000001,
    "p95": 1071.0644955999999,
    "p99": 1966.408640800005,
    "min": 87.79773399999999,
    "max": 2794.715679,
    "std": 365.32456719762763
  },
  "time_to_second_token": {
    "unit": "ms",
    "avg": 15.828446377643504,
    "p1": 2.06913,
    "p5": 2.5720558,
    "p10": 2.9875146,
    "p25": 3.847442,
    "p50": 5.281464,
    "p75": 6.002202,
    "p90": 72.338638,
    "p95": 77.83571239999999,
    "p99": 87.92332916,
    "min": 1.5186309999999998,
    "max": 109.19078999999999,
    "std": 26.06363592381392
  },
  "inter_token_latency": {
    "unit": "ms",
    "avg": 13.951059503348079,
    "p1": 8.392001727297297,
    "p5": 11.246476772413793,
    "p10": 12.656100950770655,
    "p25": 13.477191142857142,
    "p50": 13.955027458904109,
    "p75": 14.630981683098591,
    "p90": 15.447608869787356,
    "p95": 16.144953610986253,
    "p99": 18.09193315342466,
    "min": 5.6194951744966435,
    "max": 20.430750712328766,
    "std": 1.52372956844368
  },
  "output_token_throughput": {
    "unit": "tokens/sec",
    "avg": 1986.1817543600187
  },
  "output_token_throughput_per_user": {
    "unit": "tokens/sec/user",
    "avg": 72.81897756645948,
    "p1": 55.27325317910512,
    "p5": 61.939042213959034,
    "p10": 64.73493792798787,
    "p25": 68.3481137260379,
    "p50": 71.65876261762153,
    "p75": 74.19943736050638,
    "p90": 79.01347476392469,
    "p95": 88.91673610417982,
    "p99": 119.16115182791243,
    "min": 48.945827497007166,
    "max": 177.95192787750244,
    "std": 11.27850463615198
  },
  "output_sequence_length": {
    "unit": "tokens",
    "avg": 145.33937562940585,
    "p1": 141.0,
    "p5": 142.0,
    "p10": 143.0,
    "p25": 144.0,
    "p50": 145.0,
    "p75": 147.0,
    "p90": 148.0,
    "p95": 149.0,
    "p99": 150.0,
    "min": 140.0,
    "max": 150.0,
    "std": 2.0425066084616468
  },
  "input_sequence_length": {
    "unit": "tokens",
    "avg": 400.0030211480362,
    "p1": 400.0,
    "p5": 400.0,
    "p10": 400.0,
    "p25": 400.0,
    "p50": 400.0,
    "p75": 400.0,
    "p90": 400.0,
    "p95": 400.0,
    "p99": 400.0,
    "min": 400.0,
    "max": 401.0,
    "std": 0.05488187953046812
  },
  "output_token_count": {
    "unit": "tokens",
    "avg": 145.33937562940585,
    "p1": 141.0,
    "p5": 142.0,
    "p10": 143.0,
    "p25": 144.0,
    "p50": 145.0,
    "p75": 147.0,
    "p90": 148.0,
    "p95": 149.0,
    "p99": 150.0,
    "min": 140.0,
    "max": 150.0,
    "std": 2.0425066084616468
  },
  "min_request_timestamp": {
    "unit": "ns",
    "avg": 1.773123857668439e18
  },
  "max_response_timestamp": {
    "unit": "ns",
    "avg": 1.773123930331477e18
  },
  "inter_chunk_latency": {
    "unit": "ms",
    "avg": 14.530350261037752,
    "p1": 2.3581809199999997,
    "p5": 3.4663622,
    "p10": 5.1027868,
    "p25": 5.91970675,
    "p50": 6.5614855,
    "p75": 7.345160249999999,
    "p90": 60.25743280000002,
    "p95": 73.59636859999999,
    "p99": 87.65979604,
    "min": 0.0,
    "max": 227.83061099999998,
    "std": 21.556467253132883
  },
  "total_output_tokens": {
    "unit": "tokens",
    "avg": 144322.0
  },
  "benchmark_duration": {
    "unit": "sec",
    "avg": 72.663037853
  },
  "total_isl": {
    "unit": "tokens",
    "avg": 397203.0
  },
  "total_osl": {
    "unit": "tokens",
    "avg": 144322.0
  },
  "error_request_count": {
    "unit": "requests",
    "avg": 7.0
  },
  "error_isl": {
    "unit": "tokens",
    "avg": 400.14285714285717,
    "p1": 400.0,
    "p5": 400.0,
    "p10": 400.0,
    "p25": 400.0,
    "p50": 400.0,
    "p75": 400.0,
    "p90": 400.4,
    "p95": 400.7,
    "p99": 400.94,
    "min": 400.0,
    "max": 401.0,
    "std": 0.3499271061118825
  },
  "total_error_isl": {
    "unit": "tokens",
    "avg": 2801.0
  },
  "telemetry_data": {
    "summary": {
      "endpoints_configured": [],
      "endpoints_successful": [],
      "start_time": "2026-03-10T06:24:17.665765",
      "end_time": "2026-03-10T06:25:30.333389"
    },
    "endpoints": {},
    "error_summary": []
  },
  "input_config": {
    "endpoint": {
      "model_names": [
        "Qwen/Qwen3-VL-30B-A3B-Instruct-FP8"
      ],
      "streaming": true,
      "url": "http://qwen3-vl-disagg-gb200-frontend:8000"
    },
    "input": {
      "extra": [
        [
          "max_tokens",
          150
        ],
        [
          "min_tokens",
          150
        ],
        [
          "ignore_eos",
          true
        ]
      ],
      "file": "/perf-cache/datasets/1000req_1img_200pool_400word_http.jsonl",
      "custom_dataset_type": "single_turn"
    },
    "output": {
      "artifact_directory": "/perf-cache/artifacts/fp8/gb200/disagg/cache_on/1000req_1img_200pool_400word_http/c32"
    },
    "loadgen": {
      "concurrency": 32,
      "arrival_pattern": "concurrency_burst",
      "request_count": 1000,
      "warmup_request_count": 5
    },
    "cli_command": "aiperf profile --model 'Qwen/Qwen3-VL-30B-A3B-Instruct-FP8' --input-file '/perf-cache/datasets/1000req_1img_200pool_400word_http.jsonl' --custom-dataset-type 'single_turn' --url 'http://qwen3-vl-disagg-gb200-frontend:8000' --streaming --ui-type None --request-count 1000 --concurrency 32 --warmup-request-count 5 --artifact-dir '/perf-cache/artifacts/fp8/gb200/disagg/cache_on/1000req_1img_200pool_400word_http/c32' --extra-inputs 'max_tokens:150' --extra-inputs 'min_tokens:150' --extra-inputs 'ignore_eos:true'",
    "benchmark_id": "ff526fc9-3e57-4a90-97f6-ebc3e943512d"
  },
  "was_cancelled": false,
  "error_summary": [
    {
      "error_details": {
        "code": 502,
        "type": "SSEResponseError",
        "message": "SSEResponseError('Error occurred in SSE response: unspecified error')",
        "details": [
          "'Error occurred in SSE response: unspecified error'"
        ]
      },
      "count": 7
    }
  ],
  "start_time": "2026-03-10T06:24:17.665765",
  "end_time": "2026-03-10T06:25:30.333389",
  "http_req_sending": {
    "unit": "ms",
    "avg": 1.1193936767371602,
    "p1": 0.11488903999999998,
    "p5": 0.13411879999999998,
    "p10": 0.1423178,
    "p25": 0.158337,
    "p50": 0.204961,
    "p75": 0.258977,
    "p90": 0.2955914,
    "p95": 0.35325,
    "p99": 33.86173728,
    "min": 0.08566399999999999,
    "max": 34.403033,
    "std": 5.437942376185493
  },
  "http_req_chunks_received": {
    "unit": "count",
    "avg": 144.5850956696878,
    "p1": 140.0,
    "p5": 141.0,
    "p10": 142.0,
    "p25": 143.0,
    "p50": 145.0,
    "p75": 146.0,
    "p90": 147.0,
    "p95": 148.0,
    "p99": 150.0,
    "min": 139.0,
    "max": 151.0,
    "std": 2.131398468596364
  },
  "http_req_dns_lookup": {
    "unit": "ms",
    "avg": 0.8733322124874119,
    "p1": 0.0,
    "p5": 0.0,
    "p10": 0.0,
    "p25": 0.0,
    "p50": 0.0,
    "p75": 0.0,
    "p90": 0.0,
    "p95": 0.0,
    "p99": 32.499139199999995,
    "min": 0.0,
    "max": 32.667567999999996,
    "std": 5.224275918778162
  },
  "http_req_connecting": {
    "unit": "ms",
    "avg": 0.8967950523665659,
    "p1": 0.0,
    "p5": 0.0,
    "p10": 0.0,
    "p25": 0.0,
    "p50": 0.0,
    "p75": 0.0,