{
  "schema_version": "1.0",
  "aiperf_version": "0.6.0",
  "benchmark_id": "f6cbe2b7-fd43-48ca-96ed-9841b9488103",
  "request_throughput": {
    "unit": "requests/sec",
    "avg": 28.874708170001803
  },
  "request_latency": {
    "unit": "ms",
    "avg": 4310.004747663999,
    "p1": 2300.3368632899997,
    "p5": 2448.70962675,
    "p10": 2581.8957686,
    "p25": 3480.181384,
    "p50": 4718.2946495,
    "p75": 5003.60318475,
    "p90": 5441.3129975,
    "p95": 5789.77445835,
    "p99": 5845.31761141,
    "min": 1457.253272,
    "max": 5851.174151,
    "std": 1026.4254907237773
  },
  "request_count": {
    "unit": "requests",
    "avg": 1000.0
  },
  "time_to_first_token": {
    "unit": "ms",
    "avg": 2509.984989495,
    "p1": 774.86757121,
    "p5": 864.1918149999999,
    "p10": 1262.1487063,
    "p25": 1862.05307325,
    "p50": 2481.5606694999997,
    "p75": 3305.74696,
    "p90": 3490.7015546,
    "p95": 3768.8497081999994,
    "p99": 4255.39969856,
    "min": 411.640535,
    "max": 4260.596738,
    "std": 874.7932604592888
  },
  "time_to_second_token": {
    "unit": "ms",
    "avg": 157.9378834144144,
    "p1": 4.76209804,
    "p5": 6.3608762,
    "p10": 7.18124,
    "p25": 11.123139499999999,
    "p50": 111.50634099999999,
    "p75": 258.8989785,
    "p90": 312.39475699999997,
    "p95": 645.156696,
    "p99": 816.081004,
    "min": 2.206781,
    "max": 856.365904,
    "std": 182.27807952615632
  },
  "inter_token_latency": {
    "unit": "ms",
    "avg": 12.081828929736048,
    "p1": 5.009461449865771,
    "p5": 7.219259995973155,
    "p10": 8.105093548322149,
    "p25": 10.093819838926175,
    "p50": 11.724489510067112,
    "p75": 13.901818322147651,
    "p90": 15.146354332214765,
    "p95": 18.513980605033552,
    "p99": 25.937221358255034,
    "min": 0.0,
    "max": 29.632254147651004,
    "std": 3.609743318318075
  },
  "output_token_throughput": {
    "unit": "tokens/sec",
    "avg": 4330.801979585891
  },
  "output_token_throughput_per_user": {
    "unit": "tokens/sec/user",
    "avg": 90.57895249699519,
    "p1": 38.55452370366377,
    "p5": 54.01117522663102,
    "p10": 66.02192919480581,
    "p25": 71.93123056506437,
    "p50": 85.28817371624815,
    "p75": 99.0270753996787,
    "p90": 122.94353725435732,
    "p95": 138.50644715455587,
    "p99": 183.47044641809478,
    "min": 33.74701077471933,
    "max": 867.6453387757327,
    "std": 37.198431231832046
  },
  "output_sequence_length": {
    "unit": "tokens",
    "avg": 149.986,
    "p1": 149.0,
    "p5": 150.0,
    "p10": 150.0,
    "p25": 150.0,
    "p50": 150.0,
    "p75": 150.0,
    "p90": 150.0,
    "p95": 150.0,
    "p99": 150.0,
    "min": 148.0,
    "max": 150.0,
    "std": 0.1257139610385418
  },
  "input_sequence_length": {
    "unit": "tokens",
    "avg": 400.004,
    "p1": 400.0,
    "p5": 400.0,
    "p10": 400.0,
    "p25": 400.0,
    "p50": 400.0,
    "p75": 400.0,
    "p90": 400.0,
    "p95": 400.0,
    "p99": 400.0,
    "min": 400.0,
    "max": 401.0,
    "std": 0.06311893535223799
  },
  "output_token_count": {
    "unit": "tokens",
    "avg": 149.986,
    "p1": 149.0,
    "p5": 150.0,
    "p10": 150.0,
    "p25": 150.0,
    "p50": 150.0,
    "p75": 150.0,
    "p90": 150.0,
    "p95": 150.0,
    "p99": 150.0,
    "min": 148.0,
    "max": 150.0,
    "std": 0.1257139610385418
  },
  "min_request_timestamp": {
    "unit": "ns",
    "avg": 1.7731271009857917e18
  },
  "max_response_timestamp": {
    "unit": "ns",
    "avg": 1.7731271356181765e18
  },
  "inter_chunk_latency": {
    "unit": "ms",
    "avg": 28.351679159681204,
    "p1": 5.0252799999999995,
    "p5": 6.9044022,
    "p10": 7.1918,
    "p25": 9.373941,
    "p50": 9.724373,
    "p75": 9.990389,
    "p90": 41.43167340000001,
    "p95": 103.75628219999999,
    "p99": 586.2849656800004,
    "min": 1.335743,
    "max": 856.365904,
    "std": 83.85149917555059
  },
  "total_output_tokens": {
    "unit": "tokens",
    "avg": 149986.0
  },
  "benchmark_duration": {
    "unit": "sec",
    "avg": 34.63238465
  },
  "total_isl": {
    "unit": "tokens",
    "avg": 400004.0
  },
  "total_osl": {
    "unit": "tokens",
    "avg": 149986.0
  },
  "telemetry_data": {
    "summary": {
      "endpoints_configured": [],
      "endpoints_successful": [],
      "start_time": "2026-03-10T07:18:20.981198",
      "end_time": "2026-03-10T07:18:57.629319"
    },
    "endpoints": {},
    "error_summary": []
  },
  "input_config": {
    "endpoint": {
      "model_names": [
        "Qwen/Qwen3-VL-30B-A3B-Instruct-FP8"
      ],
      "streaming": true,
      "urls": [
        "http://qwen3-vl-agg-vllm-serve:8000"
      ]
    },
    "input": {
      "extra": [
        [
          "max_tokens",
          150
        ],
        [
          "min_tokens",
          150
        ],
        [
          "ignore_eos",
          true
        ]
      ],
      "file": "/perf-cache-tmp/datasets/1000req_1img_200pool_400word_base64.jsonl",
      "custom_dataset_type": "single_turn"
    },
    "output": {
      "artifact_directory": "/perf-cache-tmp/artifacts/fp8/gb200/agg-vllm-serve/cache_on/1000req_1img_200pool_400word_base64/c128"
    },
    "loadgen": {
      "concurrency": 128,
      "arrival_pattern": "concurrency_burst",
      "request_count": 1000,
      "warmup_request_count": 3
    },
    "cli_command": "aiperf profile --model 'Qwen/Qwen3-VL-30B-A3B-Instruct-FP8' --input-file '/perf-cache-tmp/datasets/1000req_1img_200pool_400word_base64.jsonl' --custom-dataset-type 'single_turn' --url 'http://qwen3-vl-agg-vllm-serve:8000' --streaming --ui-type None --request-count 1000 --concurrency 128 --warmup-request-count 3 --artifact-dir '/perf-cache-tmp/artifacts/fp8/gb200/agg-vllm-serve/cache_on/1000req_1img_200pool_400word_base64/c128' --extra-inputs 'max_tokens:150' --extra-inputs 'min_tokens:150' --extra-inputs 'ignore_eos:true'",
    "benchmark_id": "f6cbe2b7-fd43-48ca-96ed-9841b9488103"
  },
  "was_cancelled": false,
  "error_summary": [],
  "start_time": "2026-03-10T07:18:20.981198",
  "end_time": "2026-03-10T07:18:55.619835",
  "num_images": {
    "unit": "images",
    "avg": 1.0,
    "p1": 1.0,
    "p5": 1.0,
    "p10": 1.0,
    "p25": 1.0,
    "p50": 1.0,
    "p75": 1.0,
    "p90": 1.0,
    "p95": 1.0,
    "p99": 1.0,
    "min": 1.0,
    "max": 1.0,
    "std": 0.0
  },
  "http_req_data_sent": {
    "unit": "KB",
    "avg": 1028.235697265625,
    "p1": 1028.19140625,
    "p5": 1028.2060546875,
    "p10": 1028.2109375,
    "p25": 1028.2236328125,
    "p50": 1028.2353515625,
    "p75": 1028.248046875,
    "p90": 1028.259765625,
    "p95": 1028.2685546875,
    "p99": 1028.281259765625,
    "min": 1028.1640625,
    "max": 1028.296875,
    "std": 0.019129677493482183
  },
  "http_req_dns_lookup": {
    "unit": "ms",
    "avg": 0.889647843,
    "p1": 0.0,
    "p5": 0.0,
    "p10": 0.0,
    "p25": 0.0,
    "p50": 0.0,
    "p75": 0.0,
    "p90": 0.0,
    "p95": 0.0,
    "p99": 30.724214319999998,
    "min": 0.0,
    "max": 31.412605,
    "std": 5.148504673066116
  },
  "http_req_connection_reused": {
    "unit": "ratio",
    "avg": 0.875,
    "p1": 0.0,
    "p5": 0.0,
    "p10": 0.0,
    "p25": 1.0,
    "p50": 1.0,
    "p75": 1.0,
    "p90": 1.0,
    "p95": 1.0,
    "p99": 1.0,
    "min": 0.0,
    "max": 1.0,
    "std": 0.33071891388307384
  },
  "http_req_duration": {
    "unit": "ms",
    "avg": 4310.067464939,
    "p1": 2300.22493593,
    "p5": 2448.64571315,
    "p10": 2581.855055,
    "p25": 3480.120752,
    "p50": 4718.2291614999995,
    "p75": 5003.517640749999,
    "p90": 5441.264203899999,
    "p95": 5789.66639435,
    "p99": 5845.26487093,
    "min": 1457.137336,
    "max": 5851.121768,
    "std": 1026.5512621756852
  },
  "http_req_connecting": {
    "unit": "ms",
    "avg": 3.5736692629999998,
    "p1": 0.0,
    "p5": 0.0,
    "p10": 0.0,
    "p25": 0.0,
    "p50": 0.0,
    "p75": 0.0,
    "p90": 22.991283799999998,
    "p95": 27.020242,
    "p99": 35.01672548,
    "min": 0.0,
    "max": 79.35296799999999,