frontend_count,arm,request_throughput_rps_median,output_token_throughput_tps_median,isl_tokens_avg_median,osl_tokens_avg_median,ttft_ms_p50_median,ttft_ms_p95_median,itl_ms_p50_median,itl_ms_p95_median,request_latency_ms_p50_median,request_latency_ms_p95_median,successful_runs
1,inprocess_immediate,254.5952531831602,267253.62847701524,1024.0012817382812,1049.6463623046875,1889.804287,2068.7653140999996,0.4038395194326189,0.6120748873417061,2301.4520355,2577.7343444999997,3
1,valkey_ha,254.38436211603212,266998.55972468085,1024.0012817382812,1049.607666015625,1892.5455889999998,2117.7901884,0.41359043844944426,0.7800076462350224,2337.9273975,2677.10345285,3
10,inprocess_immediate,250.8308208584789,263269.98728598043,1024.0012817382812,1049.5918579101562,1909.2498335,2133.356461,0.40646936205485057,0.5459840413495916,2328.2744574999997,2633.5617285499998,3
10,valkey_ha,249.3740825747211,261766.31847891762,1024.0012817382812,1049.6740112304688,1915.0384119999999,2128.66350235,0.40875734747295206,0.5582614508134758,2336.6570885,2642.6043044999997,3
100,inprocess_immediate,228.93838603745706,240304.2183365116,1024.0012817382812,1049.5942993164062,2134.0708904999997,4962.135620349997,0.47352080942607205,1.6337184853560356,2635.8067145,5737.619732199999,3
100,valkey_ha,245.4935598261559,257694.02336422767,1024.0012817382812,1049.6749267578125,1973.3918084999998,4472.789852849996,0.4243654064675481,0.6279860827148468,2421.6397695,4922.037628299999,3
