{
  "schema_version": "1.0",
  "aiperf_version": "0.5.0",
  "benchmark_id": "abc18431-297b-437b-9c7f-02a01741d3c4",
  "request_throughput": {
    "unit": "requests/sec",
    "avg": 10.64248240712723
  },
  "request_latency": {
    "unit": "ms",
    "avg": 2972.226157710472,
    "p1": 1054.49205031,
    "p5": 1365.9422582,
    "p10": 1641.3187954999999,
    "p25": 2768.8110825,
    "p50": 3219.8363695,
    "p75": 3398.65190675,
    "p90": 3581.5274639,
    "p95": 3663.217554549999,
    "p99": 3905.6689510099995,
    "min": 712.444524,
    "max": 4021.095512,
    "std": 685.0064667744286
  },
  "request_count": {
    "unit": "requests",
    "avg": 974.0
  },
  "time_to_first_token": {
    "unit": "ms",
    "avg": 1671.264495721766,
    "p1": 237.97543434,
    "p5": 357.3571301,
    "p10": 507.9156596,
    "p25": 1361.02030175,
    "p50": 1793.783274,
    "p75": 2150.6293395,
    "p90": 2398.3275536,
    "p95": 2523.7747543499995,
    "p99": 2594.17017314,
    "min": 168.697643,
    "max": 2652.058192,
    "std": 635.9770851919076
  },
  "time_to_second_token": {
    "unit": "ms",
    "avg": 28.97064133778234,
    "p1": 1.7946927199999998,
    "p5": 2.3256604,
    "p10": 2.6991048999999996,
    "p25": 3.46150075,
    "p50": 4.6133545,
    "p75": 68.15121599999999,
    "p90": 77.39948679999999,
    "p95": 84.86037254999998,
    "p99": 116.26155345,
    "min": 0.322751,
    "max": 157.020632,
    "std": 34.829882733107105
  },
  "inter_token_latency": {
    "unit": "ms",
    "avg": 8.83125213969313,
    "p1": 4.425752599814395,
    "p5": 5.751903194630872,
    "p10": 6.416506233557047,
    "p25": 7.172160944630872,
    "p50": 8.688226728134383,
    "p75": 10.296927017006803,
    "p90": 11.663371198277504,
    "p95": 12.52391713872717,
    "p99": 15.213743363809519,
    "min": 3.418588288590604,
    "max": 16.640417353741498,
    "std": 2.2065777833873215
  },
  "output_token_throughput": {
    "unit": "tokens/sec",
    "avg": 1580.0808402589955
  },
  "output_token_throughput_per_user": {
    "unit": "tokens/sec/user",
    "avg": 120.8018688311903,
    "p1": 65.73277565944284,
    "p5": 79.84722265425077,
    "p10": 85.73874998222193,
    "p25": 97.11635310067989,
    "p50": 115.0991373133341,
    "p75": 139.42801525370083,
    "p90": 155.8480524515499,
    "p95": 173.8555108833818,
    "p99": 225.95176049978002,
    "min": 60.094646591009685,
    "max": 292.51840689253464,
    "std": 32.52132561159602
  },
  "output_sequence_length": {
    "unit": "tokens",
    "avg": 148.46919917864477,
    "p1": 144.0,
    "p5": 146.0,
    "p10": 146.0,
    "p25": 148.0,
    "p50": 149.0,
    "p75": 150.0,
    "p90": 150.0,
    "p95": 150.0,
    "p99": 150.0,
    "min": 141.0,
    "max": 151.0,
    "std": 1.5777508409044454
  },
  "input_sequence_length": {
    "unit": "tokens",
    "avg": 400.0041067761807,
    "p1": 400.0,
    "p5": 400.0,
    "p10": 400.0,
    "p25": 400.0,
    "p50": 400.0,
    "p75": 400.0,
    "p90": 400.0,
    "p95": 400.0,
    "p99": 400.0,
    "min": 400.0,
    "max": 401.0,
    "std": 0.06395240863407572
  },
  "output_token_count": {
    "unit": "tokens",
    "avg": 148.46919917864477,
    "p1": 144.0,
    "p5": 146.0,
    "p10": 146.0,
    "p25": 148.0,
    "p50": 149.0,
    "p75": 150.0,
    "p90": 150.0,
    "p95": 150.0,
    "p99": 150.0,
    "min": 141.0,
    "max": 151.0,
    "std": 1.5777508409044454
  },
  "min_request_timestamp": {
    "unit": "ns",
    "avg": 1.7731262681916925e18
  },
  "max_response_timestamp": {
    "unit": "ns",
    "avg": 1.7731263597116933e18
  },
  "inter_chunk_latency": {
    "unit": "ms",
    "avg": 9.02596132701513,
    "p1": 2.74882558,
    "p5": 4.0940542,
    "p10": 4.6822349999999995,
    "p25": 5.360666,
    "p50": 5.939818,
    "p75": 6.494089,
    "p90": 7.1367575,
    "p95": 16.93730809999995,
    "p99": 79.93120508000008,
    "min": 0.0,
    "max": 222.752927,
    "std": 15.338422922737228
  },
  "total_output_tokens": {
    "unit": "tokens",
    "avg": 144609.0
  },
  "benchmark_duration": {
    "unit": "sec",
    "avg": 91.520000949
  },
  "total_isl": {
    "unit": "tokens",
    "avg": 389604.0
  },
  "total_osl": {
    "unit": "tokens",
    "avg": 144609.0
  },
  "error_request_count": {
    "unit": "requests",
    "avg": 26.0
  },
  "error_isl": {
    "unit": "tokens",
    "avg": 400.0,
    "p1": 400.0,
    "p5": 400.0,
    "p10": 400.0,
    "p25": 400.0,
    "p50": 400.0,
    "p75": 400.0,
    "p90": 400.0,
    "p95": 400.0,
    "p99": 400.0,
    "min": 400.0,
    "max": 400.0,
    "std": 0.0
  },
  "total_error_isl": {
    "unit": "tokens",
    "avg": 10400.0
  },
  "telemetry_data": {
    "summary": {
      "endpoints_configured": [],
      "endpoints_successful": [],
      "start_time": "2026-03-10T07:04:28.188233",
      "end_time": "2026-03-10T07:05:59.714287"
    },
    "endpoints": {},
    "error_summary": []
  },
  "input_config": {
    "endpoint": {
      "model_names": [
        "Qwen/Qwen3-VL-30B-A3B-Instruct-FP8"
      ],
      "streaming": true,
      "url": "http://qwen3-vl-disagg-gb200-frontend:8000"
    },
    "input": {
      "extra": [
        [
          "max_tokens",
          150
        ],
        [
          "min_tokens",
          150
        ],
        [
          "ignore_eos",
          true
        ]
      ],
      "file": "/perf-cache-tmp/datasets/1000req_1img_200pool_400word_http.jsonl",
      "custom_dataset_type": "single_turn"
    },
    "output": {
      "artifact_directory": "/perf-cache-tmp/artifacts/fp8/gb200/disagg/cache_off/1000req_1img_200pool_400word_http/c32"
    },
    "loadgen": {
      "concurrency": 32,
      "arrival_pattern": "concurrency_burst",
      "request_count": 1000,
      "warmup_request_count": 5
    },
    "cli_command": "aiperf profile --model 'Qwen/Qwen3-VL-30B-A3B-Instruct-FP8' --input-file '/perf-cache-tmp/datasets/1000req_1img_200pool_400word_http.jsonl' --custom-dataset-type 'single_turn' --url 'http://qwen3-vl-disagg-gb200-frontend:8000' --streaming --ui-type None --request-count 1000 --concurrency 32 --warmup-request-count 5 --artifact-dir '/perf-cache-tmp/artifacts/fp8/gb200/disagg/cache_off/1000req_1img_200pool_400word_http/c32' --extra-inputs 'max_tokens:150' --extra-inputs 'min_tokens:150' --extra-inputs 'ignore_eos:true'",
    "benchmark_id": "abc18431-297b-437b-9c7f-02a01741d3c4"
  },
  "was_cancelled": false,
  "error_summary": [
    {
      "error_details": {
        "code": 502,
        "type": "SSEResponseError",
        "message": "SSEResponseError('Error occurred in SSE response: unspecified error')",
        "details": [
          "'Error occurred in SSE response: unspecified error'"
        ]
      },
      "count": 26
    }
  ],
  "start_time": "2026-03-10T07:04:28.188233",
  "end_time": "2026-03-10T07:05:59.714287",
  "http_req_chunks_received": {
    "unit": "count",
    "avg": 146.9394250513347,
    "p1": 139.0,
    "p5": 142.0,
    "p10": 143.0,
    "p25": 145.0,
    "p50": 147.0,
    "p75": 149.0,
    "p90": 150.0,
    "p95": 151.0,
    "p99": 151.0,
    "min": 137.0,
    "max": 151.0,
    "std": 2.656097181235872
  },
  "num_images": {
    "unit": "images",
    "avg": 1.0,
    "p1": 1.0,
    "p5": 1.0,
    "p10": 1.0,
    "p25": 1.0,
    "p50": 1.0,
    "p75": 1.0,
    "p90": 1.0,
    "p95": 1.0,
    "p99": 1.0,
    "min": 1.0,
    "max": 1.0,
    "std": 0.0
  },
  "http_req_data_sent": {
    "unit": "KB",
    "avg": 2.115206301334702,
    "p1": 2.0712890625,
    "p5": 2.083984375,
    "p10": 2.091796875,
    "p25": 2.1025390625,
    "p50": 2.1162109375,
    "p75": 2.126953125,
    "p90": 2.138671875,
    "p95": 2.1455078125,
    "p99": 2.156513671875,
    "min": 2.060546875,
    "max": 2.1767578125,
    "std": 0.01841541108403953
  },
  "http_req_sending": {
    "unit": "ms",
    "avg": 1.1575160400410678,
    "p1": 0.16040197,
    "p5": 0.1665696,
    "p10": 0.1700352,
    "p25": 0.184008,
    "p50": 0.28064,
    "p75": 0.32818375,
    "p90": 0.3959606,
    "p95": 0.4660981999999999,